id,firstName,lastName,team,season,positionCode,heightInInches,weightInPounds
8478870,Rudolfs,Balcers,TBL,20222023,L,71,182
8479718,Alex,Barré-Boulet,TBL,20222023,C,70,180
8477930,Pierre-Edouard,Bellemare,TBL,20222023,L,71,198
8478519,Anthony,Cirelli,TBL,20222023,C,72,189
8479525,Ross,Colton,TBL,20222023,C,72,194
8479591,Michael,Eyssimont,TBL,20222023,C,72,180
8480863,Gabriel,Fortier,TBL,20222023,L,70,177
8479542,Brandon,Hagel,TBL,20222023,L,74,179
8479661,Tanner,Jeannot,TBL,20222023,L,74,208
8473986,Alex,Killorn,TBL,20222023,L,73,194
8481043,Cole,Koepke,TBL,20222023,L,73,196
8476453,Nikita,Kucherov,TBL,20222023,R,71,181
8474034,Pat,Maroon,TBL,20222023,L,75,234
8476480,Vladislav,Namestnikov,TBL,20222023,C,72,179
8477426,Nicholas,Paul,TBL,20222023,L,75,223
8470621,Corey,Perry,TBL,20222023,R,75,208
8478010,Brayden,Point,TBL,20222023,C,71,180
8474564,Steven,Stamkos,TBL,20222023,C,72,182
8474567,Zach,Bogosian,TBL,20222023,D,74,222
8478416,Erik,Cernak,TBL,20222023,D,76,224
8474013,Ian,Cole,TBL,20222023,D,73,225
8477938,Haydn,Fleury,TBL,20222023,D,76,208
8479984,Cal,Foote,TBL,20222023,D,77,224
8475167,Victor,Hedman,TBL,20222023,D,79,244
8479026,Philippe,Myers,TBL,20222023,D,78,219
8480246,Nick,Perbix,TBL,20222023,D,74,191
8478178,Darren,Raddysh,TBL,20222023,D,73,200
8479410,Mikhail,Sergachev,TBL,20222023,D,73,217
8470880,Brian,Elliott,TBL,20222023,G,74,221
8476883,Andrei,Vasilevskiy,TBL,20222023,G,76,220
8476326,Josh,Archibald,PIT,20222023,R,70,176
8476927,Teddy,Blueger,PIT,20222023,C,72,185
8474009,Nick,Bonino,PIT,20222023,C,73,195
8479465,Drake,Caggiula,PIT,20222023,C,70,176
8470604,Jeff,Carter,PIT,20222023,C,75,219
8471675,Sidney,Crosby,PIT,20222023,C,71,200
8475798,Mikael,Granlund,PIT,20222023,C,70,185
8480836,Jonathan,Gruden,PIT,20222023,C,72,172
8477404,Jake,Guentzel,PIT,20222023,L,71,180
8480842,Filip,Hallander,PIT,20222023,C,73,190
8478046,Danton,Heinen,PIT,20222023,L,73,188
8477953,Kasperi,Kapanen,PIT,20222023,R,73,194
8471215,Evgeni,Malkin,PIT,20222023,C,75,195
8476934,Brock,McGinn,PIT,20222023,L,72,187
8479423,Alexander,Nylander,PIT,20222023,L,73,192
8482055,Drew,O'Connor,PIT,20222023,L,75,200
8480068,Ryan,Poehling,PIT,20222023,C,74,196
8481591,Sam,Poulin,PIT,20222023,R,73,208
8476483,Rickard,Rakell,PIT,20222023,R,73,195
8475810,Bryan,Rust,PIT,20222023,R,71,192
8475722,Jason,Zucker,PIT,20222023,L,71,192
8475208,Brian,Dumoulin,PIT,20222023,D,76,207
8476166,Taylor,Fedun,PIT,20222023,D,73,200
8478017,Mark,Friedman,PIT,20222023,D,71,185
8480058,Pierre-Olivier,Joseph,PIT,20222023,D,74,185
8475179,Dmitry,Kulikov,PIT,20222023,D,73,201
8471724,Kris,Letang,PIT,20222023,D,72,201
8473507,Jeff,Petry,PIT,20222023,D,75,209
8477969,Marcus,Pettersson,PIT,20222023,D,75,177
8477244,Chad,Ruhwedel,PIT,20222023,D,71,191
8480172,Jan,Rutta,PIT,20222023,D,75,204
8480883,Ty,Smith,PIT,20222023,D,71,180
8479193,Casey,DeSmith,PIT,20222023,G,72,181
8477465,Tristan,Jarry,PIT,20222023,G,74,194
8474682,Dustin,Tokarski,PIT,20222023,G,72,198
8478020,Michael,Amadio,VGK,20222023,R,73,204
8477964,Ivan,Barbashev,VGK,20222023,C,73,195
8476927,Teddy,Blueger,VGK,20222023,C,72,185
8477478,William,Carrier,VGK,20222023,L,74,218
8481032,Paul,Cotter,VGK,20222023,C,74,212
8481604,Pavel,Dorofeyev,VGK,20222023,L,73,194
8478403,Jack,Eichel,VGK,20222023,C,74,207
8475278,Byron,Froese,VGK,20222023,C,73,202
8479353,Brett,Howden,VGK,20222023,C,74,203
8476448,William,Karlsson,VGK,20222023,C,72,190
8473548,Phil,Kessel,VGK,20222023,R,71,208
8478434,Keegan,Kolesar,VGK,20222023,R,74,217
8479991,Jake,Leschyshyn,VGK,20222023,C,71,195
8476539,Jonathan,Marchessault,VGK,20222023,R,69,183
8480776,Sheldon,Rempal,VGK,20222023,R,70,165
8480007,Jonas,Rondbjerg,VGK,20222023,R,74,203
8478462,Nicolas,Roy,VGK,20222023,C,76,202
8475191,Reilly,Smith,VGK,20222023,R,73,185
8476905,Chandler,Stephenson,VGK,20222023,C,72,209
8475913,Mark,Stone,VGK,20222023,R,75,217
8479980,Nicolas,Hague,VGK,20222023,D,78,230
8477018,Ben,Hutton,VGK,20222023,D,75,201
8481527,Kaedan,Korczak,VGK,20222023,D,75,202
8474166,Alec,Martinez,VGK,20222023,D,73,210
8475188,Brayden,McNabb,VGK,20222023,D,76,215
8482624,Daniil,Miromanov,VGK,20222023,D,76,200
8481167,Brayden,Pachal,VGK,20222023,D,74,203
8474565,Alex,Pietrangelo,VGK,20222023,D,75,215
8477447,Shea,Theodore,VGK,20222023,D,74,197
8480727,Zach,Whitecloud,VGK,20222023,D,74,207
8476316,Laurent,Brossoit,VGK,20222023,G,75,215
8478499,Adin,Hill,VGK,20222023,G,76,215
8480238,Jiri,Patera,VGK,20222023,G,74,209
8471734,Jonathan,Quick,VGK,20222023,G,73,220
8480313,Logan,Thompson,VGK,20222023,G,76,205
8478427,Sebastian,Aho,CAR,20222023,C,72,176
8480835,Jack,Drury,CAR,20222023,C,71,174
8475855,Jesper,Fast,CAR,20222023,R,73,191
8482093,Seth,Jarvis,CAR,20222023,C,70,175
8478131,Ondrej,Kase,CAR,20222023,R,72,187
8480829,Jesperi,Kotkaniemi,CAR,20222023,C,74,201
8476907,Mackenzie,MacEachern,CAR,20222023,L,74,193
8476921,Jordan,Martinook,CAR,20222023,L,72,196
8480039,Martin,Necas,CAR,20222023,C,74,189
8476474,Stefan,Noesen,CAR,20222023,R,73,205
8474157,Max,Pacioretty,CAR,20222023,L,74,217
8479344,Jesse,Puljujarvi,CAR,20222023,R,76,201
8473533,Jordan,Staal,CAR,20222023,C,76,220
8471669,Paul,Stastny,CAR,20222023,C,72,193
8474613,Derek,Stepan,CAR,20222023,C,71,196
8480830,Andrei,Svechnikov,CAR,20222023,R,74,195
8476882,Teuvo,Teravainen,CAR,20222023,L,71,191
8470613,Brent,Burns,CAR,20222023,D,77,230
8478970,Jalen,Chatfield,CAR,20222023,D,73,188
8479639,Dylan,Coghlan,CAR,20222023,D,74,208
8475177,Calvin,de Haan,CAR,20222023,D,73,195
8476906,Shayne,Gostisbehere,CAR,20222023,D,71,180
8479320,Max,Lajoie,CAR,20222023,D,73,196
8477488,Brett,Pesce,CAR,20222023,D,75,206
8476869,Brady,Skjei,CAR,20222023,D,75,210
8476958,Jaccob,Slavin,CAR,20222023,D,75,207
8475883,Frederik,Andersen,CAR,20222023,G,76,238
8481611,Pyotr,Kochetkov,CAR,20222023,G,75,205
8477293,Antti,Raanta,CAR,20222023,G,72,195
8481720,Nick,Abruzzese,TOR,20222023,C,71,183
8478569,Noel,Acciari,TOR,20222023,C,70,209
8479315,Joey,Anderson,TOR,20222023,R,72,207
8479944,Zach,Aston-Reese,TOR,20222023,C,73,205
8477979,Nicolas,Aube-Kubel,TOR,20222023,R,72,207
8478047,Michael,Bunting,TOR,20222023,L,72,192
8475160,Kyle,Clifford,TOR,20222023,L,74,217
8480977,Semyon,Der-Arguchintsev,TOR,20222023,C,70,173
8478115,Pierre,Engvall,TOR,20222023,L,77,219
8480995,Pontus,Holmberg,TOR,20222023,R,72,202
8478211,Dryden,Hunt,TOR,20222023,L,72,193
8475714,Calle,Jarnkrok,TOR,20222023,C,72,192
8480144,David,Kampf,TOR,20222023,C,74,197
8477021,Alex,Kerfoot,TOR,20222023,C,71,186
8482720,Matthew,Knies,TOR,20222023,L,74,210
8478043,Sam,Lafferty,TOR,20222023,C,73,195
8478843,Denis,Malgin,TOR,20222023,C,69,182
8478483,Mitch,Marner,TOR,20222023,R,72,181
8479318,Auston,Matthews,TOR,20222023,C,75,208
8482259,Bobby,McMann,TOR,20222023,C,74,208
8477939,William,Nylander,TOR,20222023,R,72,204
8475158,Ryan,O'Reilly,TOR,20222023,C,73,207
8481582,Nicholas,Robertson,TOR,20222023,L,69,183
8474190,Wayne,Simmonds,TOR,20222023,R,74,184
8482634,Alex,Steeves,TOR,20222023,C,72,196
8475166,John,Tavares,TOR,20222023,C,73,216
8482241,Radim,Zohorna,TOR,20222023,L,78,220
8474818,Jordie,Benn,TOR,20222023,D,74,201
8474673,TJ,Brodie,TOR,20222023,D,74,187
8470966,Mark,Giordano,TOR,20222023,D,72,205
8476979,Erik,Gustafsson,TOR,20222023,D,72,197
8475718,Justin,Holl,TOR,20222023,D,75,197
8480439,Mac,Hollowell,TOR,20222023,D,69,170
8480820,Filip,Kral,TOR,20222023,D,74,198
8480043,Timothy,Liljegren,TOR,20222023,D,73,192
8476931,Jake,McCabe,TOR,20222023,D,73,204
8479376,Victor,Mete,TOR,20222023,D,69,187
8474162,Jake,Muzzin,TOR,20222023,D,75,227
8476853,Morgan,Rielly,TOR,20222023,D,73,222
8480873,Rasmus,Sandin,TOR,20222023,D,71,182
8474568,Luke,Schenn,TOR,20222023,D,74,225
8479982,Conor,Timmins,TOR,20222023,D,74,202
8483183,Jett,Alexander,TOR,20222023,G,77,214
8478902,Erik,Kallgren,TOR,20222023,G,75,200
8476899,Matt,Murray,TOR,20222023,G,77,203
8478492,Ilya,Samsonov,TOR,20222023,G,75,214
8479361,Joseph,Woll,TOR,20222023,G,75,203
8470638,Patrice,Bergeron,BOS,20222023,C,73,196
8477479,Tyler,Bertuzzi,BOS,20222023,L,73,186
8475745,Charlie,Coyle,BOS,20222023,C,75,223
8478498,Jake,DeBrusk,BOS,20222023,L,72,197
8473422,Nick,Foligno,BOS,20222023,L,72,210
8479365,Trent,Frederic,BOS,20222023,C,75,214
8478421,A.J.,Greer,BOS,20222023,L,75,208
8475791,Taylor,Hall,BOS,20222023,L,73,210
8477903,Garnet,Hathaway,BOS,20222023,R,75,208
8479533,Joona,Koppanen,BOS,20222023,L,77,216
8471276,David,Krejci,BOS,20222023,C,72,192
8480880,Jakub,Lauko,BOS,20222023,C,72,196
8479968,Vinni,Lettieri,BOS,20222023,C,70,184
8473419,Brad,Marchand,BOS,20222023,L,69,176
8483397,Marc,McLaughlin,BOS,20222023,C,72,203
8477931,Tomas,Nosek,BOS,20222023,L,75,205
8477956,David,Pastrnak,BOS,20222023,R,73,195
8475225,Craig,Smith,BOS,20222023,C,72,204
8479546,Oskar,Steen,BOS,20222023,C,70,193
8480021,Jack,Studnicka,BOS,20222023,C,73,187
8475780,Chris,Wagner,BOS,20222023,R,72,192
8478401,Pavel,Zacha,BOS,20222023,C,76,199
8478443,Brandon,Carlo,BOS,20222023,D,78,218
8476941,Connor,Carrick,BOS,20222023,D,70,198
8477365,Connor,Clifton,BOS,20222023,D,71,190
8475762,Derek,Forbort,BOS,20222023,D,76,208
8476891,Matt,Grzelcyk,BOS,20222023,D,70,176
8476854,Hampus,Lindholm,BOS,20222023,D,76,215
8479325,Charlie,McAvoy,BOS,20222023,D,73,209
8475200,Dmitry,Orlov,BOS,20222023,D,71,214
8476422,Mike,Reilly,BOS,20222023,D,73,196
8479252,Dan,Renouf,BOS,20222023,D,73,198
8471873,Anton,Stralman,BOS,20222023,D,71,193
8478415,Jakub,Zboril,BOS,20222023,D,73,201
8476234,Keith,Kinkaid,BOS,20222023,G,74,195
8480280,Jeremy,Swayman,BOS,20222023,G,74,194
8476999,Linus,Ullmark,BOS,20222023,G,77,212
8474150,Mikael,Backlund,CGY,20222023,C,72,206
8476399,Blake,Coleman,CGY,20222023,C,71,199
8482679,Matt,Coronato,CGY,20222023,R,70,183
8479346,Dillon,Dube,CGY,20222023,C,71,185
8482652,Walker,Duehr,CGY,20222023,R,74,210
8476456,Jonathan,Huberdeau,CGY,20222023,C,73,200
8475172,Nazem,Kadri,CGY,20222023,C,72,185
8473453,Trevor,Lewis,CGY,20222023,C,73,201
8477496,Elias,Lindholm,CGY,20222023,C,73,202
8473473,Milan,Lucic,CGY,20222023,L,75,240
8478233,Andrew,Mangiapane,CGY,20222023,L,70,184
8481592,Jakob,Pelletier,CGY,20222023,L,69,170
8479547,Matthew,Phillips,CGY,20222023,C,67,140
8476439,Brett,Ritchie,CGY,20222023,R,76,215
8477941,Nick,Ritchie,CGY,20222023,L,75,236
8479291,Kevin,Rooney,CGY,20222023,C,74,190
8480008,Adam,Ruzicka,CGY,20222023,C,76,215
8475726,Tyler,Toffoli,CGY,20222023,R,72,203
8482241,Radim,Zohorna,CGY,20222023,L,78,220
8478397,Rasmus,Andersson,CGY,20222023,D,73,202
8480084,Nick,DeSimone,CGY,20222023,D,74,185
8478502,Dennis,Gilbert,CGY,20222023,D,74,216
8478396,Noah,Hanifin,CGY,20222023,D,75,207
8482067,Connor,Mackey,CGY,20222023,D,74,197
8479442,Troy,Stecher,CGY,20222023,D,70,184
8474628,Michael,Stone,CGY,20222023,D,75,210
8475690,Chris,Tanev,CGY,20222023,D,74,193
8477346,MacKenzie,Weegar,CGY,20222023,D,72,206
8477507,Nikita,Zadorov,CGY,20222023,D,78,248
8474593,Jacob,Markstrom,CGY,20222023,G,78,207
8478435,Dan,Vladar,CGY,20222023,G,77,209
8481692,Dustin,Wolf,CGY,20222023,G,72,166
8479994,Jaret,Anderson-Dolan,LAK,20222023,C,71,200
8480072,Lias,Andersson,LAK,20222023,C,73,185
8478042,Viktor,Arvidsson,LAK,20222023,R,70,185
8482124,Quinton,Byfield,LAK,20222023,C,77,220
8476479,Phillip,Danault,LAK,20222023,C,73,200
8481239,Samuel,Fagemo,LAK,20222023,L,72,200
8477942,Kevin,Fiala,LAK,20222023,L,70,204
8479336,Carl,Grundstrom,LAK,20222023,R,72,195
8480113,Alex,Iafallo,LAK,20222023,L,72,200
8481560,Arthur,Kaliyev,LAK,20222023,R,74,210
8477960,Adrian,Kempe,LAK,20222023,R,74,200
8471685,Anze,Kopitar,LAK,20222023,C,75,225
8480845,Rasmus,Kupari,LAK,20222023,C,74,200
8477962,Brendan,Lemieux,LAK,20222023,L,73,215
8481481,Blake,Lizotte,LAK,20222023,C,69,170
8479772,Zack,MacEwen,LAK,20222023,C,75,205
8479675,Trevor,Moore,LAK,20222023,L,70,195
8481532,Alex,Turcotte,LAK,20222023,C,71,185
8480014,Gabriel,Vilardi,LAK,20222023,R,75,215
8479998,Mikey,Anderson,LAK,20222023,D,72,195
8481600,Tobias,Bjornfot,LAK,20222023,D,72,200
8482730,Brandt,Clarke,LAK,20222023,D,74,185
8474563,Drew,Doughty,LAK,20222023,D,73,210
8480434,Sean,Durzi,LAK,20222023,D,72,195
8471303,Alexander,Edler,LAK,20222023,D,76,210
8478882,Vladislav,Gavrikov,LAK,20222023,D,75,221
8479421,Jacob,Moverare,LAK,20222023,D,75,210
8478911,Matt,Roy,LAK,20222023,D,73,205
8481606,Jordan,Spence,LAK,20222023,D,70,180
8480336,Sean,Walker,LAK,20222023,D,71,195
8477831,Pheonix,Copley,LAK,20222023,G,76,200
8476914,Joonas,Korpisalo,LAK,20222023,G,75,193
8477361,Cal,Petersen,LAK,20222023,G,74,185
8471734,Jonathan,Quick,LAK,20222023,G,73,220
8482496,Nils,Aman,VAN,20222023,C,74,179
8478463,Anthony,Beauvillier,VAN,20222023,L,71,180
8478444,Brock,Boeser,VAN,20222023,R,73,208
8476858,Phillip,Di Giuseppe,VAN,20222023,L,72,193
8480326,Sheldon,Dries,VAN,20222023,C,69,180
8478856,Conor,Garland,VAN,20222023,R,70,165
8481535,Nils,Hoglander,VAN,20222023,L,69,185
8477500,Bo,Horvat,VAN,20222023,C,72,215
8478057,Dakota,Joshua,VAN,20222023,C,75,206
8480833,Vitali,Kravtsov,VAN,20222023,R,75,186
8483808,Andrei,Kuzmenko,VAN,20222023,L,71,194
8477508,Curtis,Lazar,VAN,20222023,C,72,203
8479367,William,Lockwood,VAN,20222023,R,71,172
8481683,Aidan,McDonough,VAN,20222023,L,75,190
8481624,Ilya,Mikheyev,VAN,20222023,R,74,192
8476468,J.T.,Miller,VAN,20222023,C,73,218
8476871,Tanner,Pearson,VAN,20222023,L,73,201
8478967,Lane,Pederson,VAN,20222023,C,72,192
8480012,Elias,Pettersson,VAN,20222023,C,74,176
8481617,Vasily,Podkolzin,VAN,20222023,R,73,190
8482691,Aatu,Raty,VAN,20222023,C,74,190
8480021,Jack,Studnicka,VAN,20222023,C,73,187
8478451,Ethan,Bear,VAN,20222023,D,71,197
8478465,Guillaume,Brisebois,VAN,20222023,D,74,175
8477335,Kyle,Burroughs,VAN,20222023,D,72,193
8478408,Travis,Dermott,VAN,20222023,D,72,202
8475171,Oliver,Ekman-Larsson,VAN,20222023,D,74,200
8484254,Akito,Hirose,VAN,20222023,D,72,170
8479425,Filip,Hronek,VAN,20222023,D,72,190
8480800,Quinn,Hughes,VAN,20222023,D,70,180
8478454,Noah,Juulsen,VAN,20222023,D,74,201
8484287,Cole,McWard,VAN,20222023,D,73,192
8474574,Tyler,Myers,VAN,20222023,D,80,229
8477359,Tucker,Poolman,VAN,20222023,D,74,199
8480056,Jack,Rathbone,VAN,20222023,D,70,177
8474568,Luke,Schenn,VAN,20222023,D,74,225
8479388,Riley,Stillman,VAN,20222023,D,73,196
8478846,Christian,Wolanin,VAN,20222023,D,74,190
8480420,Collin,Delia,VAN,20222023,G,74,208
8477967,Thatcher,Demko,VAN,20222023,G,76,192
8477484,Spencer,Martin,VAN,20222023,G,75,191
8481668,Arturs,Silovs,VAN,20222023,G,76,203
8479335,Rasmus,Asplund,BUF,20222023,C,71,185
8478075,Anders,Bjork,BUF,20222023,L,72,190
8481528,Dylan,Cozens,BUF,20222023,C,75,195
8476878,Zemgus,Girgensons,BUF,20222023,L,74,200
8478413,Jordan,Greenway,BUF,20222023,L,78,231
8476994,Vinnie,Hinostroza,BUF,20222023,C,70,183
8479370,Tyson,Jost,BUF,20222023,C,71,187
8481522,Peyton,Krebs,BUF,20222023,C,72,187
8479999,Casey,Mittelstadt,BUF,20222023,C,73,195
8473449,Kyle,Okposo,BUF,20222023,R,72,218
8478109,Victor,Olofsson,BUF,20222023,L,71,181
8482175,JJ,Peterka,BUF,20222023,R,72,189
8482097,Jack,Quinn,BUF,20222023,R,73,185
8481751,Lukas,Rousek,BUF,20222023,R,71,171
8475772,Riley,Sheahan,BUF,20222023,C,74,214
8475784,Jeff,Skinner,BUF,20222023,L,71,197
8479420,Tage,Thompson,BUF,20222023,C,78,220
8477949,Alex,Tuch,BUF,20222023,R,76,219
8480196,Jacob,Bryson,BUF,20222023,D,69,176
8479348,Kale,Clague,BUF,20222023,D,72,190
8480839,Rasmus,Dahlin,BUF,20222023,D,75,202
8479602,Jeremy,Davies,BUF,20222023,D,71,180
8479578,Casey,Fitzgerald,BUF,20222023,D,71,188
8480035,Henri,Jokiharju,BUF,20222023,D,72,200
8480950,Ilya,Lyubushkin,BUF,20222023,D,74,200
8480935,Lawrence,Pilut,BUF,20222023,D,71,194
8482671,Owen,Power,BUF,20222023,D,78,218
8480807,Mattias,Samuelsson,BUF,20222023,D,76,231
8479388,Riley,Stillman,BUF,20222023,D,73,196
8467950,Craig,Anderson,BUF,20222023,G,74,187
8477480,Eric,Comrie,BUF,20222023,G,73,183
8482221,Devon,Levi,BUF,20222023,G,72,184
8480045,Ukko-Pekka,Luukkonen,BUF,20222023,G,77,217
8481690,Tyler,Angle,CBJ,20222023,C,70,166
8480205,Emil,Bemstrom,CBJ,20222023,R,72,195
8482475,Yegor,Chinakhov,CBJ,20222023,R,73,204
8479941,Justin,Danforth,CBJ,20222023,R,69,190
8482623,Josh,Dunne,CBJ,20222023,C,76,211
8480441,Trey,Fix-Wolansky,CBJ,20222023,R,67,191
8480853,Liam,Foudy,CBJ,20222023,C,74,188
8476346,Johnny,Gaudreau,CBJ,20222023,L,69,165
8476867,Brendan,Gaunce,CBJ,20222023,C,75,219
8476432,Boone,Jenner,CBJ,20222023,C,74,203
8482660,Kent,Johnson,CBJ,20222023,C,72,175
8476374,Sean,Kuraly,CBJ,20222023,C,74,213
8479339,Patrik,Laine,CBJ,20222023,L,77,205
8481649,Joona,Luoto,CBJ,20222023,L,75,210
8480893,Kirill,Marchenko,CBJ,20222023,R,75,197
8484125,Hunter,McKown,CBJ,20222023,C,73,205
8480292,Carson,Meyer,CBJ,20222023,R,71,184
8474679,Gustav,Nyquist,CBJ,20222023,L,71,180
8479671,Mathieu,Olivier,CBJ,20222023,R,73,217
8478967,Lane,Pederson,CBJ,20222023,C,72,192
8482451,Mikael,Pyyhtia,CBJ,20222023,L,72,166
8482179,Justin,Richards,CBJ,20222023,C,71,190
8480762,Eric,Robinson,CBJ,20222023,L,74,205
8478458,Jack,Roslovic,CBJ,20222023,C,73,200
8482705,Cole,Sillinger,CBJ,20222023,C,73,201
8474161,Jakub,Voracek,CBJ,20222023,R,74,216
8479945,Gavin,Bayreuther,CBJ,20222023,D,73,196
8479402,Jake,Bean,CBJ,20222023,D,73,196
8481072,Tim,Berni,CBJ,20222023,D,72,192
8483620,Marcus,Bjork,CBJ,20222023,D,76,211
8483565,Nick,Blankenburg,CBJ,20222023,D,69,177
8480871,Adam,Boqvist,CBJ,20222023,D,72,182
8481161,Jake,Christiansen,CBJ,20222023,D,72,193
8478882,Vladislav,Gavrikov,CBJ,20222023,D,75,221
8475790,Erik,Gudbranson,CBJ,20222023,D,77,222
8483460,David,Jiricek,CBJ,20222023,D,76,199
8482448,Samuel,Knazko,CBJ,20222023,D,73,198
8479369,Andrew,Peeke,CBJ,20222023,D,75,210
8482711,Stanislav,Svozil,CBJ,20222023,D,72,183
8482399,Billy,Sweezey,CBJ,20222023,D,73,206
8478460,Zach,Werenski,CBJ,20222023,D,74,213
8476903,Jon,Gillies,CBJ,20222023,G,78,223
8482982,Jet,Greaves,CBJ,20222023,G,72,184
8474636,Michael,Hutchinson,CBJ,20222023,G,75,201
8476914,Joonas,Korpisalo,CBJ,20222023,G,75,193
8478007,Elvis,Merzlikins,CBJ,20222023,G,75,183
8480193,Daniil,Tarasov,CBJ,20222023,G,77,196
8479414,Nathan,Bastian,NJD,20222023,R,76,205
8480003,Jesper,Boqvist,NJD,20222023,C,72,180
8479407,Jesper,Bratt,NJD,20222023,L,70,175
8481518,Nolan,Foote,NJD,20222023,L,75,196
8475287,Erik,Haula,NJD,20222023,L,71,191
8480002,Nico,Hischier,NJD,20222023,C,73,175
8482125,Alexander,Holtz,NJD,20222023,R,72,195
8481559,Jack,Hughes,NJD,20222023,C,71,175
8477341,Andreas,Johnsson,NJD,20222023,L,70,195
8477508,Curtis,Lazar,NJD,20222023,C,72,203
8479415,Michael,McLeod,NJD,20222023,C,74,190
8478414,Timo,Meier,NJD,20222023,R,73,220
8482110,Dawson,Mercer,NJD,20222023,C,72,180
8476292,Ondrej,Palat,NJD,20222023,L,72,194
8481068,Yegor,Sharangovich,NJD,20222023,C,74,196
8475193,Tomas,Tatar,NJD,20222023,L,70,173
8481740,Tyce,Thompson,NJD,20222023,R,73,175
8477425,Miles,Wood,NJD,20222023,L,74,195
8480188,Fabian,Zetterlund,NJD,20222023,L,71,220
8480860,Kevin,Bahl,NJD,20222023,D,78,230
8477435,Ryan,Graves,NJD,20222023,D,77,220
8476462,Dougie,Hamilton,NJD,20222023,D,78,230
8482684,Luke,Hughes,NJD,20222023,D,74,184
8478507,John,Marino,NJD,20222023,D,73,181
8481537,Nikita,Okhotiuk,NJD,20222023,D,73,195
8476923,Damon,Severson,NJD,20222023,D,74,205
8478399,Jonas,Siegenthaler,NJD,20222023,D,74,218
8474090,Brendan,Smith,NJD,20222023,D,74,200
8478406,Mackenzie,Blackwood,NJD,20222023,G,76,225
8481033,Akira,Schmid,NJD,20222023,G,77,205
8477970,Vitek,Vanecek,NJD,20222023,G,74,184
8473994,Jamie,Benn,DAL,20222023,L,74,205
8481712,Matej,Blumel,DAL,20222023,R,72,200
8474149,Evgenii,Dadonov,DAL,20222023,R,71,189
8480848,Ty,Dellandrea,DAL,20222023,C,73,195
8477503,Max,Domi,DAL,20222023,C,70,194
8476889,Radek,Faksa,DAL,20222023,C,75,225
8476822,Luke,Glendening,DAL,20222023,C,71,190
8478495,Denis,Gurianov,DAL,20222023,R,75,205
8478449,Roope,Hintz,DAL,20222023,C,75,215
8482740,Wyatt,Johnston,DAL,20222023,C,73,185
8479518,Fredrik,Karlström,DAL,20222023,C,75,200
8481641,Joel,Kiviranta,DAL,20222023,L,71,185
8478975,Mason,Marchment,DAL,20222023,L,76,210
8478028,Fredrik,Olofsson,DAL,20222023,L,74,190
8470794,Joe,Pavelski,DAL,20222023,C,71,200
8480216,Jacob,Peterson,DAL,20222023,C,73,180
8480027,Jason,Robertson,DAL,20222023,L,75,200
8475794,Tyler,Seguin,DAL,20222023,C,73,205
8480226,Marián,Studenic,DAL,20222023,L,73,190
8479362,Riley,Tufte,DAL,20222023,L,78,230
8475825,Jani,Hakanpää,DAL,20222023,D,78,225
8477810,Joel,Hanley,DAL,20222023,D,71,190
8481581,Thomas,Harley,DAL,20222023,D,75,205
8480036,Miro,Heiskanen,DAL,20222023,D,73,195
8476902,Esa,Lindell,DAL,20222023,D,75,220
8480878,Nils,Lundkvist,DAL,20222023,D,71,190
8476525,Colin,Miller,DAL,20222023,D,73,200
8470600,Ryan,Suter,DAL,20222023,D,73,205
8483575,Matt,Murray,DAL,20222023,G,73,200
8479979,Jake,Oettinger,DAL,20222023,G,77,220
8475809,Scott,Wedgewood,DAL,20222023,G,74,205
8481550,Adam,Beckman,MIN,20222023,L,74,182
8481557,Matt,Boldy,MIN,20222023,L,74,201
8476390,Joseph,Cramarossa,MIN,20222023,C,73,190
8480980,Connor,Dewar,MIN,20222023,C,70,183
8479520,Brandon,Duhaime,MIN,20222023,R,74,200
8478493,Joel,Eriksson Ek,MIN,20222023,C,75,207
8476396,Steven,Fogarty,MIN,20222023,C,75,204
8475220,Marcus,Foligno,MIN,20222023,L,75,226
8477919,Frederick,Gaudreau,MIN,20222023,C,72,184
8480994,Damien,Giroux,MIN,20222023,C,70,179
8478413,Jordan,Greenway,MIN,20222023,L,78,231
8477451,Ryan,Hartman,MIN,20222023,R,72,197
8475149,Marcus,Johansson,MIN,20222023,C,73,203
8479370,Tyson,Jost,MIN,20222023,C,71,187
8478864,Kirill,Kaprizov,MIN,20222023,L,70,202
8474679,Gustav,Nyquist,MIN,20222023,C,71,180
8477464,Nic,Petan,MIN,20222023,C,69,175
8471817,Ryan,Reaves,MIN,20222023,R,74,225
8482079,Marco,Rossi,MIN,20222023,C,69,182
8479972,Mason,Shaw,MIN,20222023,C,70,184
8479351,Sam,Steel,MIN,20222023,C,71,184
8476897,Oskar,Sundqvist,MIN,20222023,C,75,220
8480275,Nick,Swaney,MIN,20222023,R,70,178
8480267,Sammy,Walker,MIN,20222023,C,70,180
8475692,Mats,Zuccarello,MIN,20222023,R,68,181
8480884,Calen,Addison,MIN,20222023,D,71,173
8476463,Jonas,Brodin,MIN,20222023,D,74,196
8476856,Matt,Dumba,MIN,20222023,D,72,181
8482122,Brock,Faber,MIN,20222023,D,73,200
8471274,Alex,Goligoski,MIN,20222023,D,71,173
8475906,John,Klingberg,MIN,20222023,D,75,190
8477541,Dakota,Mermis,MIN,20222023,D,72,195
8475750,Jon,Merrill,MIN,20222023,D,75,204
8478136,Jake,Middleton,MIN,20222023,D,75,219
8474716,Jared,Spurgeon,MIN,20222023,D,69,166
8470594,Marc-Andre,Fleury,MIN,20222023,G,74,185
8479406,Filip,Gustavsson,MIN,20222023,G,74,184
8481585,Egor,Afanasyev,NSH,20222023,L,76,211
8479335,Rasmus,Asplund,NSH,20222023,C,71,185
8475168,Matt,Duchene,NSH,20222023,C,71,195
8482146,Luke,Evangelista,NSH,20222023,R,72,183
8476887,Filip,Forsberg,NSH,20222023,L,73,205
8479996,Cody,Glass,NSH,20222023,C,75,206
8475798,Mikael,Granlund,NSH,20222023,C,70,185
8476873,Mark,Jankowski,NSH,20222023,C,76,212
8479661,Tanner,Jeannot,NSH,20222023,L,74,208
8475793,Ryan,Johansen,NSH,20222023,C,75,218
8481077,John,Leonard,NSH,20222023,L,71,196
8477446,Michael,McCarron,NSH,20222023,R,78,232
8475799,Nino,Niederreiter,NSH,20222023,R,74,218
8478438,Tommy,Novak,NSH,20222023,C,73,179
8481704,Juuso,Parssinen,NSH,20222023,C,75,212
8477482,Zachary,Sanford,NSH,20222023,L,76,206
8480748,Kiefer,Sherwood,NSH,20222023,L,72,194
8476925,Colton,Sissons,NSH,20222023,C,73,200
8482062,Cole,Smith,NSH,20222023,L,75,195
8480009,Eeli,Tolvanen,NSH,20222023,R,70,191
8481577,Philip,Tomasino,NSH,20222023,C,72,179
8478508,Yakov,Trenin,NSH,20222023,C,74,201
8475197,Tyson,Barrie,NSH,20222023,D,71,197
8474697,Mark,Borowiecki,NSH,20222023,D,74,204
8478851,Alexandre,Carrier,NSH,20222023,D,71,174
8475218,Mattias,Ekholm,NSH,20222023,D,76,215
8479371,Dante,Fabbro,NSH,20222023,D,72,189
8479984,Cal,Foote,NSH,20222023,D,77,224
8475857,Kevin,Gravel,NSH,20222023,D,76,205
8480913,Jordan,Gross,NSH,20222023,D,70,190
8474600,Roman,Josi,NSH,20222023,D,73,201
8478468,Jeremy,Lauzon,NSH,20222023,D,73,204
8484256,Jake,Livingstone,NSH,20222023,D,75,205
8474151,Ryan,McDonagh,NSH,20222023,D,73,215
8477981,Roland,McKeown,NSH,20222023,D,73,195
8481056,Spencer,Stastney,NSH,20222023,D,72,184
8482137,Yaroslav,Askarov,NSH,20222023,G,75,178
8480947,Kevin,Lankinen,NSH,20222023,G,74,190
8477424,Juuse,Saros,NSH,20222023,G,71,180
8475461,Andrew,Agozzino,SJS,20222023,L,70,187
8482222,Alexander,Barabanov,SJS,20222023,L,70,195
8474009,Nick,Bonino,SJS,20222023,C,73,195
8482133,Thomas,Bordeleau,SJS,20222023,C,70,175
8474053,Logan,Couture,SJS,20222023,C,73,206
8479304,Kyle,Criscuolo,SJS,20222023,C,69,175
8482667,William,Eklund,SJS,20222023,L,71,181
8479591,Michael,Eyssimont,SJS,20222023,C,72,180
8479981,Jonah,Gadjovich,SJS,20222023,L,74,209
8479393,Noah,Gregor,SJS,20222023,C,72,190
8482101,Danil,Gushchin,SJS,20222023,L,68,165
8476881,Tomas,Hertl,SJS,20222023,C,75,215
8477341,Andreas,Johnsson,SJS,20222023,L,70,195
8480822,Martin,Kaut,SJS,20222023,R,74,190
8479316,Luke,Kunin,SJS,20222023,C,72,197
8478099,Kevin,Labanc,SJS,20222023,R,71,185
8478067,Oskar,Lindblom,SJS,20222023,L,73,191
8478904,Steven,Lorentz,SJS,20222023,C,76,206
8478414,Timo,Meier,SJS,20222023,R,73,220
8476442,Matt,Nieto,SJS,20222023,L,71,187
8480216,Jacob,Peterson,SJS,20222023,C,73,180
8482197,Adam,Raska,SJS,20222023,R,70,178
8482181,Tristen,Robins,SJS,20222023,C,70,176
8481477,Nico,Sturm,SJS,20222023,C,75,209
8478058,CJ,Suess,SJS,20222023,L,71,190
8478431,Evgeny,Svechnikov,SJS,20222023,L,75,208
8479705,Jeffrey,Viel,SJS,20222023,L,74,205
8480188,Fabian,Zetterlund,SJS,20222023,L,71,220
8476988,Matt,Benning,SJS,20222023,D,73,203
8482824,Nick,Cicek,SJS,20222023,D,75,201
8479983,Mario,Ferraro,SJS,20222023,D,72,209
8476449,Scott,Harrington,SJS,20222023,D,74,204
8474578,Erik,Karlsson,SJS,20222023,D,72,190
8481812,Nikolai,Knyzhov,SJS,20222023,D,75,222
8479439,Jacob,MacDonald,SJS,20222023,D,72,204
8477034,Jaycob,Megna,SJS,20222023,D,78,220
8476884,Derrick,Pouliot,SJS,20222023,D,72,196
8480160,Radim,Simek,SJS,20222023,D,72,204
8481567,Henry,Thrun,SJS,20222023,D,74,190
8471709,Marc-Edouard,Vlasic,SJS,20222023,D,73,205
8477180,Aaron,Dell,SJS,20222023,G,72,213
8478039,Kaapo,Kahkonen,SJS,20222023,G,74,217
8480199,Eetu,Makiniemi,SJS,20222023,G,74,184
8473503,James,Reimer,SJS,20222023,G,75,205
8477979,Nicolas,Aube-Kubel,WSH,20222023,R,72,207
8473563,Nicklas,Backstrom,WSH,20222023,C,73,202
8479404,Henrik,Borgstrom,WSH,20222023,C,75,199
8477015,Connor,Brown,WSH,20222023,R,72,181
8475343,Nic,Dowd,WSH,20222023,C,73,193
8474189,Lars,Eller,WSH,20222023,C,74,205
8477903,Garnet,Hathaway,WSH,20222023,R,75,208
8475149,Marcus,Johansson,WSH,20222023,L,73,203
8475744,Evgeny,Kuznetsov,WSH,20222023,C,74,207
8479359,Beck,Malenstyn,WSH,20222023,L,75,200
8477511,Anthony,Mantha,WSH,20222023,R,77,234
8481580,Connor,McMichael,WSH,20222023,C,72,180
8477947,Sonny,Milano,WSH,20222023,L,72,194
8471698,T.J.,Oshie,WSH,20222023,R,72,187
8471214,Alex,Ovechkin,WSH,20222023,L,75,238
8481656,Aliaksei,Protas,WSH,20222023,C,78,225
8477839,Conor,Sheary,WSH,20222023,L,69,179
8475225,Craig,Smith,WSH,20222023,C,72,204
8481441,Joe,Snively,WSH,20222023,C,69,176
8478440,Dylan,Strome,WSH,20222023,C,75,200
8476880,Tom,Wilson,WSH,20222023,R,76,220
8480823,Alexander,Alexeyev,WSH,20222023,D,76,213
8474590,John,Carlson,WSH,20222023,D,75,215
8478506,Gabriel,Carlsson,WSH,20222023,D,77,195
8480796,Martin,Fehervary,WSH,20222023,D,74,199
8476979,Erik,Gustafsson,WSH,20222023,D,72,197
8482861,Vincent,Iorio,WSH,20222023,D,76,200
8475625,Matt,Irwin,WSH,20222023,D,74,200
8475324,Nick,Jensen,WSH,20222023,D,73,205
8479321,Lucas,Johansen,WSH,20222023,D,74,176
8475795,Dylan,McIlrath,WSH,20222023,D,77,232
8475200,Dmitry,Orlov,WSH,20222023,D,71,214
8480873,Rasmus,Sandin,WSH,20222023,D,71,182
8477845,Trevor,van Riemsdyk,WSH,20222023,D,75,191
8475311,Darcy,Kuemper,WSH,20222023,G,77,215
8479292,Charlie,Lindgren,WSH,20222023,G,74,179
8480208,Drake,Batherson,OTT,20222023,R,75,200
8473544,Derick,Brassard,OTT,20222023,C,73,200
8477887,Patrick,Brown,OTT,20222023,C,73,210
8478078,Rourke,Chartier,OTT,20222023,C,71,190
8479337,Alex,DeBrincat,OTT,20222023,R,68,178
8479580,Dylan,Gambrell,OTT,20222023,C,71,185
8479328,Julien,Gauthier,OTT,20222023,R,76,224
8473512,Claude,Giroux,OTT,20222023,R,71,190
8482092,Ridly,Greig,OTT,20222023,C,72,183
8478472,Mathieu,Joseph,OTT,20222023,R,73,187
8480355,Mark,Kastelic,OTT,20222023,C,75,233
8480448,Parker,Kelly,OTT,20222023,L,72,190
8481422,Jacob,Lucchini,OTT,20222023,C,72,180
8477353,Tyler,Motte,OTT,20222023,L,70,192
8480064,Josh,Norris,OTT,20222023,C,74,195
8481596,Shane,Pinto,OTT,20222023,C,75,201
8481102,Egor,Sokolov,OTT,20222023,L,75,222
8482116,Tim,Stützle,OTT,20222023,L,72,193
8480801,Brady,Tkachuk,OTT,20222023,L,76,221
8475766,Austin,Watson,OTT,20222023,L,76,204
8480879,Jacob,Bernard-Docker,OTT,20222023,D,72,190
8480073,Erik,Brannstrom,OTT,20222023,D,70,185
8478469,Thomas,Chabot,OTT,20222023,D,74,195
8479345,Jakob,Chychrun,OTT,20222023,D,74,220
8481679,Maxence,Guenette,OTT,20222023,D,73,181
8474612,Travis,Hamonic,OTT,20222023,D,73,200
8477471,Dillon,Heatherington,OTT,20222023,D,76,215
8474207,Nick,Holden,OTT,20222023,D,76,210
8482095,Tyler,Kleven,OTT,20222023,D,76,200
8478491,Jacob,Larsson,OTT,20222023,D,74,193
8482105,Jake,Sanderson,OTT,20222023,D,75,195
8481575,Lassi,Thomson,OTT,20222023,D,72,190
8479458,Nikita,Zaitsev,OTT,20222023,D,74,192
8482245,Artem,Zub,OTT,20222023,D,74,200
8480263,Dylan,Ferguson,OTT,20222023,G,74,194
8476341,Anton,Forsberg,OTT,20222023,G,75,193
8476433,Magnus,Hellberg,OTT,20222023,G,78,220
8480867,Kevin,Mandolese,OTT,20222023,G,76,180
8482447,Leevi,Merilainen,OTT,20222023,G,74,158
8481544,Mads,Sogaard,OTT,20222023,G,79,196
8475660,Cam,Talbot,OTT,20222023,G,76,201
8478891,Mason,Appleton,WPG,20222023,C,75,197
8480289,Morgan,Barron,WPG,20222023,C,76,220
8478398,Kyle,Connor,WPG,20222023,L,74,179
8479400,Pierre-Luc,Dubois,WPG,20222023,L,76,214
8477940,Nikolaj,Ehlers,WPG,20222023,L,72,169
8479591,Michael,Eyssimont,WPG,20222023,C,72,180
8474040,Sam,Gagner,WPG,20222023,C,71,201
8481019,David,Gustafsson,WPG,20222023,C,74,212
8478424,Jansen,Harkins,WPG,20222023,C,74,197
8479536,Axel,Jonsson-Fjallby,WPG,20222023,L,73,189
8480901,Karson,Kuhlman,WPG,20222023,C,70,184
8476392,Adam,Lowry,WPG,20222023,C,78,208
8477357,Saku,Maenalanen,WPG,20222023,R,76,214
8476480,Vladislav,Namestnikov,WPG,20222023,C,72,179
8475799,Nino,Niederreiter,WPG,20222023,R,74,218
8482149,Cole,Perfetti,WPG,20222023,C,71,184
8480443,Kristian,Reichel,WPG,20222023,C,74,192
8476460,Mark,Scheifele,WPG,20222023,C,75,198
8478831,Kevin,Stenlund,WPG,20222023,C,77,215
8476952,Dominic,Toninato,WPG,20222023,C,74,201
8471218,Blake,Wheeler,WPG,20222023,R,77,220
8478476,Kyle,Capobianco,WPG,20222023,D,74,201
8476331,Dylan,DeMelo,WPG,20222023,D,72,195
8475455,Brenden,Dillon,WPG,20222023,D,76,224
8481572,Ville,Heinola,WPG,20222023,D,73,185
8477504,Josh,Morrissey,WPG,20222023,D,72,185
8480145,Neal,Pionk,WPG,20222023,D,72,185
8480049,Dylan,Samberg,WPG,20222023,D,76,219
8477220,Nate,Schmidt,WPG,20222023,D,72,195
8479378,Logan,Stanley,WPG,20222023,D,79,242
8476945,Connor,Hellebuyck,WPG,20222023,G,76,216
8479496,David,Rittich,WPG,20222023,G,76,205
8481013,Jonatan,Berggren,DET,20222023,R,71,197
8477479,Tyler,Bertuzzi,DET,20222023,L,73,186
8475163,Alex,Chiasson,DET,20222023,R,76,208
8477429,Andrew,Copp,DET,20222023,C,73,199
8478512,Austin,Czarnik,DET,20222023,C,69,170
8477454,Adam,Erne,DET,20222023,L,73,212
8477952,Robby,Fabbri,DET,20222023,C,71,185
8481433,Taro,Hirose,DET,20222023,L,70,162
8483464,Marco,Kasper,DET,20222023,C,73,183
8477330,Dominik,Kubalik,DET,20222023,L,74,190
8477946,Dylan,Larkin,DET,20222023,C,73,198
8479644,Matt,Luff,DET,20222023,R,74,196
8474102,David,Perron,DET,20222023,L,73,196
8479992,Michael,Rasmussen,DET,20222023,C,78,211
8482078,Lucas,Raymond,DET,20222023,L,71,176
8479379,Givani,Smith,DET,20222023,R,74,214
8481725,Elmer,Soderblom,DET,20222023,L,80,246
8476897,Oskar,Sundqvist,DET,20222023,C,75,220
8480459,Pius,Suter,DET,20222023,C,71,179
8480813,Joe,Veleno,DET,20222023,C,73,203
8477944,Jakub,Vrana,DET,20222023,L,72,190
8480821,Filip,Zadina,DET,20222023,R,72,190
8475279,Ben,Chiarot,DET,20222023,D,75,232
8482762,Simon,Edvinsson,DET,20222023,D,78,209
8477462,Robert,Hagg,DET,20222023,D,74,210
8479425,Filip,Hronek,DET,20222023,D,72,190
8480184,Gustav,Lindstrom,DET,20222023,D,74,186
8476874,Olli,Maatta,DET,20222023,D,74,207
8477851,Jordan,Oesterle,DET,20222023,D,72,187
8481542,Moritz,Seider,DET,20222023,D,76,204
8478013,Jake,Walman,DET,20222023,D,74,215
8476433,Magnus,Hellberg,DET,20222023,G,78,220
8478024,Ville,Husso,DET,20222023,G,75,200
8477968,Alex,Nedeljkovic,DET,20222023,G,72,208
8476981,Josh,Anderson,MTL,20222023,R,75,218
8476469,Joel,Armia,MTL,20222023,R,75,216
8483424,Owen,Beck,MTL,20222023,C,72,190
8475968,Alex,Belzile,MTL,20222023,R,72,196
8481540,Cole,Caufield,MTL,20222023,R,67,174
8483549,Lucas,Condotta,MTL,20222023,C,73,223
8481523,Kirby,Dach,MTL,20222023,C,76,212
8474149,Evgenii,Dadonov,MTL,20222023,R,71,189
8477494,Jonathan,Drouin,MTL,20222023,L,71,198
8477989,Christian,Dvorak,MTL,20222023,C,73,193
8478133,Jake,Evans,MTL,20222023,C,72,186
8482081,Sean,Farrell,MTL,20222023,C,69,175
8475848,Brendan,Gallagher,MTL,20222023,R,69,186
8478495,Denis,Gurianov,MTL,20222023,R,75,205
8481093,Rafael,Harvey-Pinard,MTL,20222023,L,69,181
8474884,Mike,Hoffman,MTL,20222023,L,72,190
8477497,Sean,Monahan,MTL,20222023,C,74,196
8479543,Michael,Pezzetta,MTL,20222023,L,73,210
8479514,Rem,Pitlick,MTL,20222023,C,71,186
8478409,Anthony,Richard,MTL,20222023,C,71,183
8483515,Juraj,Slafkovsky,MTL,20222023,L,75,238
8480018,Nick,Suzuki,MTL,20222023,C,71,208
8480034,Joel,Teasdale,MTL,20222023,L,72,212
8476919,Chris,Tierney,MTL,20222023,C,73,191
8481058,Jesse,Ylönen,MTL,20222023,R,73,188
8479329,Frederic,Allard,MTL,20222023,D,73,179
8482111,Justin,Barron,MTL,20222023,D,74,201
8476441,Joel,Edmundson,MTL,20222023,D,77,221
8482087,Kaiden,Guhle,MTL,20222023,D,74,205
8480887,Jordan,Harris,MTL,20222023,D,71,189
8480192,Johnathan,Kovacevic,MTL,20222023,D,76,208
8476875,Mike,Matheson,MTL,20222023,D,74,193
8475233,David,Savard,MTL,20222023,D,73,235
8481461,Corey,Schueneman,MTL,20222023,D,71,197
8475227,Chris,Wideman,MTL,20222023,D,70,181
8482964,Arber,Xhekaj,MTL,20222023,D,76,238
8474596,Jake,Allen,MTL,20222023,G,74,195
8478470,Sam,Montembeault,MTL,20222023,G,75,214
8480051,Cayden,Primeau,MTL,20222023,G,74,199
8476404,Andy,Andreoff,NYI,20222023,C,73,208
8474573,Josh,Bailey,NYI,20222023,R,73,200
8478367,Cole,Bardreau,NYI,20222023,C,72,186
8478445,Mathew,Barzal,NYI,20222023,C,73,190
8478463,Anthony,Beauvillier,NYI,20222023,L,71,180
8479356,Kieffer,Bellows,NYI,20222023,L,73,195
8475231,Casey,Cizikas,NYI,20222023,C,71,190
8473504,Cal,Clutterbuck,NYI,20222023,R,72,212
8482207,William,Dufour,NYI,20222023,R,74,215
8480242,Arnaud,Durandeau,NYI,20222023,L,72,185
8478115,Pierre,Engvall,NYI,20222023,L,77,219
8477392,Hudson,Fasching,NYI,20222023,R,75,204
8481601,Simon,Holmstrom,NYI,20222023,R,74,205
8477500,Bo,Horvat,NYI,20222023,C,72,215
8477527,Ross,Johnston,NYI,20222023,L,77,230
8479526,Otto,Koivula,NYI,20222023,L,77,225
8475314,Anders,Lee,NYI,20222023,L,75,235
8474709,Matt,Martin,NYI,20222023,L,75,220
8475754,Brock,Nelson,NYI,20222023,C,76,210
8476419,Jean-Gabriel,Pageau,NYI,20222023,C,71,185
8475151,Kyle,Palmieri,NYI,20222023,C,71,198
8470610,Zach,Parise,NYI,20222023,L,71,195
8482691,Aatu,Raty,NYI,20222023,C,74,190
8478373,Nikita,Soshnikov,NYI,20222023,R,71,190
8480789,Oliver,Wahlstrom,NYI,20222023,R,74,204
8480222,Sebastian,Aho,NYI,20222023,D,70,186
8481541,Samuel,Bolduc,NYI,20222023,D,76,220
8479395,Dennis,Cholowski,NYI,20222023,D,74,210
8480865,Noah,Dobson,NYI,20222023,D,76,194
8476429,Scott,Mayfield,NYI,20222023,D,77,220
8476917,Adam,Pelech,NYI,20222023,D,75,210
8477506,Ryan,Pulock,NYI,20222023,D,74,216
8481014,Alexander,Romanov,NYI,20222023,D,73,215
8480071,Robin,Salo,NYI,20222023,D,74,190
8478450,Parker,Wotherspoon,NYI,20222023,D,73,190
8478009,Ilya,Sorokin,NYI,20222023,G,75,195
8473575,Semyon,Varlamov,NYI,20222023,G,74,206
8478569,Noel,Acciari,STL,20222023,C,70,209
8481543,Nikita,Alexandrov,STL,20222023,C,73,177
8477964,Ivan,Barbashev,STL,20222023,C,73,195
8479375,William,Bitten,STL,20222023,C,71,180
8478104,Sammy,Blais,STL,20222023,L,74,206
8479366,Logan,Brown,STL,20222023,C,78,218
8477402,Pavel,Buchnevich,STL,20222023,L,73,196
8478146,Matthew,Highmore,STL,20222023,C,71,188
8477953,Kasperi,Kapanen,STL,20222023,R,73,194
8479385,Jordan,Kyrou,STL,20222023,C,73,196
8476410,Josh,Leivo,STL,20222023,L,74,192
8481070,Hugh,McGing,STL,20222023,L,68,176
8482089,Jake,Neighbours,STL,20222023,L,72,201
8475158,Ryan,O'Reilly,STL,20222023,C,73,207
8475752,Tyler,Pitlick,STL,20222023,C,74,200
8476438,Brandon,Saad,STL,20222023,L,73,215
8475170,Brayden,Schenn,STL,20222023,C,73,199
8475765,Vladimir,Tarasenko,STL,20222023,R,73,228
8480023,Robert,Thomas,STL,20222023,C,72,218
8480281,Alexey,Toropchenko,STL,20222023,R,78,222
8477944,Jakub,Vrana,STL,20222023,L,72,190
8477573,Nathan,Walker,STL,20222023,L,69,187
8474145,Robert,Bortuzzo,STL,20222023,D,76,216
8475753,Justin,Faulk,STL,20222023,D,72,214
8482516,Matthew,Kessel,STL,20222023,D,74,205
8476792,Torey,Krug,STL,20222023,D,69,194
8475181,Nick,Leddy,STL,20222023,D,72,205
8478859,Niko,Mikkola,STL,20222023,D,76,209
8476892,Colton,Parayko,STL,20222023,D,78,228
8480157,Calle,Rosen,STL,20222023,D,73,188
8480041,Dmitri,Samorukov,STL,20222023,D,75,188
8477463,Steven,Santini,STL,20222023,D,74,209
8474618,Marco,Scandella,STL,20222023,D,75,212
8481006,Tyler,Tucker,STL,20222023,D,73,204
8476412,Jordan,Binnington,STL,20222023,G,74,172
8471306,Thomas,Greiss,STL,20222023,G,74,219
8480981,Joel,Hofer,STL,20222023,G,77,179
8479347,Tyler,Benson,EDM,20222023,L,72,190
8475760,Nick,Bjugstad,EDM,20222023,C,78,209
8477934,Leon,Draisaitl,EDM,20222023,C,74,208
8477998,Warren,Foegele,EDM,20222023,L,74,198
8480468,James,Hamblin,EDM,20222023,L,69,176
8482077,Dylan,Holloway,EDM,20222023,L,73,203
8475786,Zach,Hyman,EDM,20222023,L,73,211
8477406,Mattias,Janmark,EDM,20222023,C,73,205
8475169,Evander,Kane,EDM,20222023,L,74,210
8480011,Klim,Kostin,EDM,20222023,C,75,215
8474089,Brad,Malone,EDM,20222023,C,74,217
8478402,Connor,McDavid,EDM,20222023,C,73,193
8480802,Ryan,McLeod,EDM,20222023,C,74,207
8476454,Ryan,Nugent-Hopkins,EDM,20222023,C,72,195
8479344,Jesse,Puljujarvi,EDM,20222023,R,76,201
8478585,Derek,Ryan,EDM,20222023,C,70,185
8476913,Devin,Shore,EDM,20222023,C,73,206
8479977,Kailer,Yamamoto,EDM,20222023,R,68,153
8475197,Tyson,Barrie,EDM,20222023,D,71,197
8480803,Evan,Bouchard,EDM,20222023,D,75,194
8481598,Philip,Broberg,EDM,20222023,D,75,199
8476879,Cody,Ceci,EDM,20222023,D,74,210
8474218,Jason,Demers,EDM,20222023,D,73,195
8479576,Vincent,Desharnais,EDM,20222023,D,78,215
8475218,Mattias,Ekholm,EDM,20222023,D,76,215
8476967,Brett,Kulak,EDM,20222023,D,73,197
8476850,Ryan,Murray,EDM,20222023,D,73,206
8479338,Markus,Niemelainen,EDM,20222023,D,78,190
8477498,Darnell,Nurse,EDM,20222023,D,76,221
8483158,Matthew,Berlin,EDM,20222023,G,75,205
8475789,Jack,Campbell,EDM,20222023,G,75,207
8479973,Stuart,Skinner,EDM,20222023,G,76,206
8475842,Sam,Carrick,ANA,20222023,C,72,200
8480031,Max,Comtois,ANA,20222023,L,74,210
8478446,Glenn,Gawdin,ANA,20222023,C,73,191
8474683,Derek,Grant,ANA,20222023,C,75,210
8480870,Bo,Groulx,ANA,20222023,C,74,200
8474641,Adam,Henrique,ANA,20222023,C,72,195
8479368,Max,Jones,ANA,20222023,L,75,216
8477993,Justin,Kirkland,ANA,20222023,C,75,183
8481517,Brett,Leason,ANA,20222023,R,77,218
8480806,Isac,Lundestrom,ANA,20222023,C,72,193
8476934,Brock,McGinn,ANA,20222023,L,72,187
8482745,Mason,McTavish,ANA,20222023,C,72,213
8477126,Jayson,Megna,ANA,20222023,C,73,195
8481754,Nikita,Nesterenko,ANA,20222023,C,74,183
8483630,Pavol,Regenda,ANA,20222023,L,76,212
8475164,Jakob,Silfverberg,ANA,20222023,R,73,207
8476458,Ryan,Strome,ANA,20222023,C,73,191
8478873,Troy,Terry,ANA,20222023,R,72,185
8478366,Frank,Vatrano,ANA,20222023,R,71,197
8481533,Trevor,Zegras,ANA,20222023,C,72,185
8476470,Nathan,Beaulieu,ANA,20222023,D,74,200
8481122,Simon,Benoit,ANA,20222023,D,75,203
8482142,Jamie,Drysdale,ANA,20222023,D,71,183
8475764,Cam,Fowler,ANA,20222023,D,74,215
8476449,Scott,Harrington,ANA,20222023,D,74,204
8481563,Drew,Helleson,ANA,20222023,D,75,190
8475906,John,Klingberg,ANA,20222023,D,75,190
8475179,Dmitry,Kulikov,ANA,20222023,D,73,201
8481605,Jackson,LaCombe,ANA,20222023,D,74,205
8474031,Kevin,Shattenkirk,ANA,20222023,D,72,212
8480467,Austin,Strand,ANA,20222023,D,75,215
8480001,Urho,Vaakanainen,ANA,20222023,D,74,200
8478841,Colton,White,ANA,20222023,D,73,187
8480843,Lukas,Dostal,ANA,20222023,G,74,174
8480042,Olle,Eriksson Ek,ANA,20222023,G,75,189
8476434,John,Gibson,ANA,20222023,G,74,210
8476932,Anthony,Stolarz,ANA,20222023,G,78,243
8478104,Sammy,Blais,NYR,20222023,L,74,206
8477380,Jonny,Brodzinski,NYR,20222023,C,72,212
8477846,Ryan,Carpenter,NYR,20222023,C,73,198
8480078,Filip,Chytil,NYR,20222023,C,74,204
8482157,Will,Cuylle,NYR,20222023,L,75,211
8479328,Julien,Gauthier,NYR,20222023,R,76,224
8476624,Barclay,Goodrow,NYR,20222023,C,74,204
8478211,Dryden,Hunt,NYR,20222023,L,72,193
8481554,Kaapo,Kakko,NYR,20222023,R,74,206
8474141,Patrick,Kane,NYR,20222023,R,70,177
8480833,Vitali,Kravtsov,NYR,20222023,R,75,186
8475184,Chris,Kreider,NYR,20222023,L,75,230
8482109,Alexis,Lafrenière,NYR,20222023,L,73,195
8479991,Jake,Leschyshyn,NYR,20222023,C,71,195
8477353,Tyler,Motte,NYR,20222023,C,70,192
8478550,Artemi,Panarin,NYR,20222023,L,72,173
8471817,Ryan,Reaves,NYR,20222023,R,74,225
8475765,Vladimir,Tarasenko,NYR,20222023,R,73,228
8476389,Vincent,Trocheck,NYR,20222023,C,71,184
8476918,Jimmy,Vesey,NYR,20222023,L,75,202
8476459,Mika,Zibanejad,NYR,20222023,C,74,202
8479323,Adam,Fox,NYR,20222023,D,71,182
8479333,Libor,Hajek,NYR,20222023,D,74,209
8477433,Ben,Harpur,NYR,20222023,D,78,231
8481708,Zac,Jones,NYR,20222023,D,70,178
8479324,Ryan,Lindgren,NYR,20222023,D,72,190
8478859,Niko,Mikkola,NYR,20222023,D,76,209
8480817,K'Andre,Miller,NYR,20222023,D,77,215
8482073,Braden,Schneider,NYR,20222023,D,75,208
8476885,Jacob,Trouba,NYR,20222023,D,75,203
8470860,Jaroslav,Halak,NYR,20222023,G,71,189
8478048,Igor,Shesterkin,NYR,20222023,G,73,189
8479322,Wade,Allison,PHI,20222023,R,74,205
8479356,Kieffer,Bellows,PHI,20222023,L,73,195
8477887,Patrick,Brown,PHI,20222023,C,73,210
8482654,Jackson,Cates,PHI,20222023,C,72,190
8480220,Noah,Cates,PHI,20222023,L,73,165
8475235,Nicolas,Deslauriers,PHI,20222023,L,73,220
8482452,Elliot,Desnoyers,PHI,20222023,L,71,183
8480797,Joel,Farabee,PHI,20222023,L,72,183
8482159,Tyson,Foerster,PHI,20222023,R,74,194
8480028,Morgan,Frost,PHI,20222023,C,71,170
8475763,Kevin,Hayes,PHI,20222023,C,77,216
8478173,Hayden,Hodgson,PHI,20222023,R,74,208
8478439,Travis,Konecny,PHI,20222023,R,70,175
8479550,Tanner,Laczynski,PHI,20222023,C,73,190
8476872,Scott,Laughton,PHI,20222023,C,73,190
8477962,Brendan,Lemieux,PHI,20222023,L,73,215
8480245,Olle,Lycksell,PHI,20222023,R,70,163
8479772,Zack,MacEwen,PHI,20222023,C,75,205
8476310,Lukas,Sedlak,PHI,20222023,C,72,205
8480015,Owen,Tippett,PHI,20222023,R,73,207
8474037,James,van Riemsdyk,PHI,20222023,L,75,208
8478051,Max,Willman,PHI,20222023,C,72,184
8481521,Ronnie,Attard,PHI,20222023,D,75,208
8474027,Justin,Braun,PHI,20222023,D,74,205
8477950,Tony,DeAngelo,PHI,20222023,D,71,180
8480874,Adam,Ginning,PHI,20222023,D,75,196
8478500,Ivan,Provorov,PHI,20222023,D,73,201
8477499,Rasmus,Ristolainen,PHI,20222023,D,76,221
8477948,Travis,Sanheim,PHI,20222023,D,75,181
8476372,Nick,Seeler,PHI,20222023,D,74,201
8481546,Cam,York,PHI,20222023,D,71,175
8481178,Egor,Zamula,PHI,20222023,D,75,177
8481035,Samuel,Ersson,PHI,20222023,G,74,176
8479394,Carter,Hart,PHI,20222023,G,74,181
8478433,Felix,Sandstrom,PHI,20222023,G,74,191
8482665,Matty,Beniers,SEA,20222023,C,74,178
8477416,Oliver,Bjorkstrand,SEA,20222023,R,72,175
8477444,Andre,Burakovsky,SEA,20222023,L,75,209
8477987,Ryan,Donato,SEA,20222023,C,72,190
8474586,Jordan,Eberle,SEA,20222023,R,71,190
8482834,Jesper,Froden,SEA,20222023,R,70,179
8479987,Morgan,Geekie,SEA,20222023,C,75,200
8476826,Yanni,Gourde,SEA,20222023,C,69,174
8477401,John,Hayden,SEA,20222023,C,75,223
8481789,Tye,Kartye,SEA,20222023,L,71,202
8480901,Karson,Kuhlman,SEA,20222023,C,70,184
8477955,Jared,McCann,SEA,20222023,L,73,191
8475768,Jaden,Schwartz,SEA,20222023,C,70,185
8478466,Daniel,Sprong,SEA,20222023,R,72,202
8479293,Brandon,Tanev,SEA,20222023,L,72,189
8480009,Eeli,Tolvanen,SEA,20222023,R,70,191
8477505,Alex,Wennberg,SEA,20222023,C,74,190
8483524,Shane,Wright,SEA,20222023,C,72,192
8478840,Will,Borgen,SEA,20222023,D,75,204
8478407,Vince,Dunn,SEA,20222023,D,72,200
8479985,Cale,Fleury,SEA,20222023,D,73,204
8476457,Adam,Larsson,SEA,20222023,D,75,209
8477034,Jaycob,Megna,SEA,20222023,D,78,220
8476467,Jamie,Oleksiak,SEA,20222023,D,79,257
8477467,Gustav,Olofsson,SEA,20222023,D,74,199
8474602,Justin,Schultz,SEA,20222023,D,74,190
8477369,Carson,Soucy,SEA,20222023,D,77,208
8478916,Joey,Daccord,SEA,20222023,G,74,201
8475831,Philipp,Grubauer,SEA,20222023,G,73,188
8474889,Martin,Jones,SEA,20222023,G,76,203
8478870,Rudolfs,Balcers,FLA,20222023,L,71,182
8477493,Aleksander,Barkov,FLA,20222023,C,75,215
8477935,Sam,Bennett,FLA,20222023,C,73,195
8476393,Nick,Cousins,FLA,20222023,C,71,192
8474610,Zac,Dalpe,FLA,20222023,C,74,197
8480844,Grigori,Denisenko,FLA,20222023,L,71,186
8477407,Anthony,Duclair,FLA,20222023,L,71,197
8480037,Aleksi,Heponiemi,FLA,20222023,C,70,155
8471887,Patric,Hornqvist,FLA,20222023,R,71,189
8483641,Anton,Levtchi,FLA,20222023,L,72,185
8479066,Ryan,Lomberg,FLA,20222023,L,69,187
8482113,Anton,Lundell,FLA,20222023,C,73,185
8480185,Eetu,Luostarinen,FLA,20222023,C,75,190
8477933,Sam,Reinhart,FLA,20222023,C,74,193
8479379,Givani,Smith,FLA,20222023,R,74,214
8470595,Eric,Staal,FLA,20222023,C,76,195
8476919,Chris,Tierney,FLA,20222023,C,73,191
8479314,Matthew,Tkachuk,FLA,20222023,L,74,201
8477409,Carter,Verhaeghe,FLA,20222023,C,74,180
8478400,Colin,White,FLA,20222023,C,73,194
8479523,Lucas,Carlsson,FLA,20222023,D,72,189
8477932,Aaron,Ekblad,FLA,20222023,D,76,215
8479578,Casey,Fitzgerald,FLA,20222023,D,71,188
8478055,Gustav,Forsling,FLA,20222023,D,72,186
8475462,Radko,Gudas,FLA,20222023,D,72,208
8482641,Matt,Kiersted,FLA,20222023,D,72,181
8479372,Josh,Mahura,FLA,20222023,D,72,185
8477986,Brandon,Montour,FLA,20222023,D,72,194
8471686,Marc,Staal,FLA,20222023,D,76,208
8475683,Sergei,Bobrovsky,FLA,20222023,G,74,182
8481519,Spencer,Knight,FLA,20222023,G,75,192
8479312,Alex,Lyon,FLA,20222023,G,73,201
8477320,Anton,Blidh,COL,20222023,L,73,197
8480032,Shane,Bowers,COL,20222023,C,74,186
8482250,Callahan,Burke,COL,20222023,C,70,183
8471699,Andrew,Cogliano,COL,20222023,C,70,179
8477456,J.T.,Compher,COL,20222023,C,72,190
8474189,Lars,Eller,COL,20222023,C,74,205
8482147,Jean-Luc,Foudy,COL,20222023,C,71,177
8476851,Alex,Galchenyuk,COL,20222023,C,73,194
8471794,Darren,Helm,COL,20222023,C,72,192
8476948,Charles,Hudon,COL,20222023,L,70,190
8478211,Dryden,Hunt,COL,20222023,L,72,193
8480822,Martin,Kaut,COL,20222023,R,74,190
8477476,Artturi,Lehkonen,COL,20222023,L,71,179
8477492,Nathan,MacKinnon,COL,20222023,C,72,200
8478843,Denis,Malgin,COL,20222023,C,69,182
8479573,Mikhail,Maltsev,COL,20222023,L,75,198
8477126,Jayson,Megna,COL,20222023,C,73,195
8483570,Ben,Meyers,COL,20222023,C,71,194
8481618,Alex,Newhook,COL,20222023,C,70,190
8477501,Valeri,Nichushkin,COL,20222023,R,76,210
8476442,Matt,Nieto,COL,20222023,L,71,187
8481186,Logan,O'Connor,COL,20222023,R,72,175
8482712,Oskar,Olausson,COL,20222023,R,73,180
8480846,Sampo,Ranta,COL,20222023,L,74,195
8478420,Mikko,Rantanen,COL,20222023,R,76,215
8478542,Evan,Rodrigues,COL,20222023,C,71,184
8476310,Lukas,Sedlak,COL,20222023,C,72,205
8481524,Bowen,Byram,COL,20222023,D,73,190
8477971,Andreas,Englund,COL,20222023,D,75,189
8479398,Samuel,Girard,COL,20222023,D,70,170
8476779,Brad,Hunt,COL,20222023,D,69,177
8473446,Erik,Johnson,COL,20222023,D,76,225
8471677,Jack,Johnson,COL,20222023,D,73,227
8477073,Kurtis,MacDermid,COL,20222023,D,77,233
8479439,Jacob,MacDonald,COL,20222023,D,72,204
8480069,Cale,Makar,COL,20222023,D,71,187
8476312,Josh,Manson,COL,20222023,D,75,218
8478038,Devon,Toews,COL,20222023,D,73,191
8481020,Justus,Annunen,COL,20222023,G,76,210
8480925,Pavel,Francouz,COL,20222023,G,72,179
8480382,Alexandar,Georgiev,COL,20222023,G,73,178
8477992,Jonas,Johansson,COL,20222023,G,77,220
8476234,Keith,Kinkaid,COL,20222023,G,74,195
8475760,Nick,Bjugstad,ARI,20222023,C,78,209
8476329,Travis,Boyd,ARI,20222023,C,72,190
8479619,Michael,Carcone,ARI,20222023,L,69,170
8478474,Lawson,Crouse,ARI,20222023,L,76,215
8477460,Laurent,Dauphin,ARI,20222023,C,72,186
8477520,Jean-Sebastien,Dea,ARI,20222023,C,71,174
8478432,Christian,Fischer,ARI,20222023,R,74,212
8482699,Dylan,Guenther,ARI,20222023,R,74,175
8480849,Barrett,Hayton,ARI,20222023,C,73,207
8478147,Bokondji,Imama,ARI,20222023,L,73,221
8480890,Jan,Jenik,ARI,20222023,R,73,185
8475178,Zack,Kassian,ARI,20222023,R,75,211
8483597,Milos,Kelemen,ARI,20222023,L,74,210
8479343,Clayton,Keller,ARI,20222023,R,70,178
8481711,Matias,Maccelli,ARI,20222023,L,71,176
8480855,Jack,McBain,ARI,20222023,C,75,201
8477070,Liam,O'Brien,ARI,20222023,C,73,213
8476439,Brett,Ritchie,ARI,20222023,R,76,215
8477941,Nick,Ritchie,ARI,20222023,L,75,236
8477951,Nick,Schmaltz,ARI,20222023,C,72,181
8480979,Nathan,Smith,ARI,20222023,C,72,177
8477384,Josh,Brown,ARI,20222023,D,77,220
8479345,Jakob,Chychrun,ARI,20222023,D,74,220
8476906,Shayne,Gostisbehere,ARI,20222023,D,71,180
8480891,Michael,Kesselring,ARI,20222023,D,76,190
8481609,Vladislav,Kolyachonok,ARI,20222023,D,73,193
8482067,Connor,Mackey,ARI,20222023,D,74,197
8478062,Dysin,Mayo,ARI,20222023,D,74,183
8482655,J.J.,Moser,ARI,20222023,D,73,173
8475747,Patrik,Nemeth,ARI,20222023,D,76,230
8481599,Victor,Soderstrom,ARI,20222023,D,71,184
8479442,Troy,Stecher,ARI,20222023,D,70,184
8479982,Conor,Timmins,ARI,20222023,D,74,202
8479976,Juuso,Valimaki,ARI,20222023,D,74,205
8478971,Connor,Ingram,ARI,20222023,G,74,196
8481031,Ivan,Prosvetov,ARI,20222023,G,77,195
8478872,Karel,Vejmelka,ARI,20222023,G,76,224
8479315,Joey,Anderson,CHI,20222023,R,72,207
8476960,Andreas,Athanasiou,CHI,20222023,C,74,190
8478075,Anders,Bjork,CHI,20222023,L,72,190
8476278,Colin,Blackwell,CHI,20222023,C,69,190
8477450,Jason,Dickinson,CHI,20222023,C,74,200
8477503,Max,Domi,CHI,20222023,C,70,194
8480025,MacKenzie,Entwistle,CHI,20222023,R,75,184
8480328,David,Gust,CHI,20222023,R,70,177
8480252,Cole,Guttman,CHI,20222023,C,69,167
8482635,Mike,Hardman,CHI,20222023,L,74,205
8481147,Reese,Johnson,CHI,20222023,C,73,193
8474870,Tyler,Johnson,CHI,20222023,C,68,185
8474141,Patrick,Kane,CHI,20222023,R,70,177
8479383,Boris,Katchouk,CHI,20222023,L,74,206
8476915,Jujhar,Khaira,CHI,20222023,L,76,212
8480798,Philipp,Kurashev,CHI,20222023,C,72,190
8478043,Sam,Lafferty,CHI,20222023,C,73,195
8478224,Luke,Philp,CHI,20222023,C,70,181
8479390,Taylor,Raddysh,CHI,20222023,R,75,198
8482117,Lukas,Reichel,CHI,20222023,L,72,170
8477210,Buddy,Robinson,CHI,20222023,R,78,232
8478881,Brett,Seney,CHI,20222023,L,69,156
8473604,Jonathan,Toews,CHI,20222023,C,74,201
8478455,Austin,Wagner,CHI,20222023,L,73,195
8477971,Andreas,Englund,CHI,20222023,D,75,189
8471677,Jack,Johnson,CHI,20222023,D,73,227
8478452,Caleb,Jones,CHI,20222023,D,73,194
8477495,Seth,Jones,CHI,20222023,D,76,213
8482176,Wyatt,Kaiser,CHI,20222023,D,72,173
8476931,Jake,McCabe,CHI,20222023,D,73,204
8480070,Ian,Mitchell,CHI,20222023,D,71,193
8476473,Connor,Murphy,CHI,20222023,D,76,212
8482192,Isaak,Phillips,CHI,20222023,D,75,205
8480831,Alec,Regula,CHI,20222023,D,76,208
8483619,Filip,Roos,CHI,20222023,D,76,190
8475797,Jarred,Tinordi,CHI,20222023,D,78,229
8481568,Alex,Vlasic,CHI,20222023,D,78,199
8479458,Nikita,Zaitsev,CHI,20222023,D,74,192
8471418,Anton,Khudobin,CHI,20222023,G,71,210
8475852,Petr,Mrazek,CHI,20222023,G,74,188
8482821,Arvid,Soderblom,CHI,20222023,G,75,180
8471774,Alex,Stalock,CHI,20222023,G,71,170
8483530,Jaxson,Stauber,CHI,20222023,G,75,174
8479380,Dylan,Wells,CHI,20222023,G,74,190
8482070,Mitchell,Chaffee,TBL,20232024,R,73,192
8478519,Anthony,Cirelli,TBL,20232024,C,73,190
8477407,Anthony,Duclair,TBL,20232024,L,71,197
8479591,Michael,Eyssimont,TBL,20232024,C,72,201
8476822,Luke,Glendening,TBL,20232024,C,70,190
8479542,Brandon,Hagel,TBL,20232024,L,74,183
8479661,Tanner,Jeannot,TBL,20232024,L,74,220
8476453,Nikita,Kucherov,TBL,20232024,R,71,182
8477353,Tyler,Motte,TBL,20232024,C,70,194
8477426,Nicholas,Paul,TBL,20232024,L,75,229
8478010,Brayden,Point,TBL,20232024,C,70,178
8477839,Conor,Sheary,TBL,20232024,L,68,179
8474564,Steven,Stamkos,TBL,20232024,C,73,193
8475766,Austin,Watson,TBL,20232024,L,76,238
8478416,Erik,Cernak,TBL,20232024,D,75,230
8475177,Calvin,de Haan,TBL,20232024,D,73,192
8476856,Matt,Dumba,TBL,20232024,D,72,181
8477938,Haydn,Fleury,TBL,20232024,D,76,207
8475167,Victor,Hedman,TBL,20232024,D,79,246
8482929,Emil,Lilleberg,TBL,20232024,D,74,202
8480246,Nick,Perbix,TBL,20232024,D,75,202
8478178,Darren,Raddysh,TBL,20232024,D,73,195
8479410,Mikhail,Sergachev,TBL,20232024,D,75,211
8477992,Jonas,Johansson,TBL,20232024,G,77,219
8476883,Andrei,Vasilevskiy,TBL,20232024,G,76,220
8478569,Noel,Acciari,PIT,20232024,C,70,209
8480205,Emil,Bemstrom,PIT,20232024,C,72,195
8478047,Michael,Bunting,PIT,20232024,L,72,192
8470604,Jeff,Carter,PIT,20232024,C,75,219
8471675,Sidney,Crosby,PIT,20232024,C,71,200
8474189,Lars,Eller,PIT,20232024,C,74,205
8478424,Jansen,Harkins,PIT,20232024,C,74,197
8471215,Evgeni,Malkin,PIT,20232024,C,75,195
8476442,Matt,Nieto,PIT,20232024,L,71,187
8482055,Drew,O'Connor,PIT,20232024,L,75,200
8479344,Jesse,Puljujarvi,PIT,20232024,R,76,201
8481703,Valtteri,Puustinen,PIT,20232024,R,69,183
8476483,Rickard,Rakell,PIT,20232024,R,73,195
8475810,Bryan,Rust,PIT,20232024,R,71,192
8475191,Reilly,Smith,PIT,20232024,R,73,185
8477435,Ryan,Graves,PIT,20232024,D,77,220
8480058,Pierre-Olivier,Joseph,PIT,20232024,D,74,185
8474578,Erik,Karlsson,PIT,20232024,D,72,190
8471724,Kris,Letang,PIT,20232024,D,72,201
8481206,John,Ludvig,PIT,20232024,D,73,213
8477969,Marcus,Pettersson,PIT,20232024,D,75,177
8477465,Tristan,Jarry,PIT,20232024,G,74,194
8477968,Alex,Nedeljkovic,PIT,20232024,G,72,208
8478020,Michael,Amadio,VGK,20232024,R,73,200
8477964,Ivan,Barbashev,VGK,20232024,C,72,198
8477478,William,Carrier,VGK,20232024,L,74,220
8481032,Paul,Cotter,VGK,20232024,C,74,213
8481604,Pavel,Dorofeyev,VGK,20232024,L,73,194
8478403,Jack,Eichel,VGK,20232024,C,74,203
8476881,Tomas,Hertl,VGK,20232024,C,75,215
8479353,Brett,Howden,VGK,20232024,C,74,200
8476448,William,Karlsson,VGK,20232024,C,72,190
8478434,Keegan,Kolesar,VGK,20232024,R,74,216
8477511,Anthony,Mantha,VGK,20232024,R,77,234
8476539,Jonathan,Marchessault,VGK,20232024,R,69,185
8478462,Nicolas,Roy,VGK,20232024,C,76,202
8476905,Chandler,Stephenson,VGK,20232024,C,72,209
8475913,Mark,Stone,VGK,20232024,R,75,212
8479980,Nicolas,Hague,VGK,20232024,D,78,240
8478396,Noah,Hanifin,VGK,20232024,D,75,207
8477018,Ben,Hutton,VGK,20232024,D,75,201
8474166,Alec,Martinez,VGK,20232024,D,73,210
8475188,Brayden,McNabb,VGK,20232024,D,76,215
8474565,Alex,Pietrangelo,VGK,20232024,D,75,215
8477447,Shea,Theodore,VGK,20232024,D,74,197
8480727,Zach,Whitecloud,VGK,20232024,D,74,218
8478499,Adin,Hill,VGK,20232024,G,76,215
8480313,Logan,Thompson,VGK,20232024,G,76,205
8478427,Sebastian,Aho,CAR,20232024,C,72,176
8480835,Jack,Drury,CAR,20232024,C,71,174
8475855,Jesper,Fast,CAR,20232024,R,73,191
8477404,Jake,Guentzel,CAR,20232024,C,71,180
8482093,Seth,Jarvis,CAR,20232024,C,70,175
8480829,Jesperi,Kotkaniemi,CAR,20232024,C,74,201
8475744,Evgeny,Kuznetsov,CAR,20232024,C,74,207
8477962,Brendan,Lemieux,CAR,20232024,L,73,215
8476921,Jordan,Martinook,CAR,20232024,L,72,196
8480039,Martin,Necas,CAR,20232024,C,74,189
8476474,Stefan,Noesen,CAR,20232024,R,73,205
8473533,Jordan,Staal,CAR,20232024,C,76,220
8480830,Andrei,Svechnikov,CAR,20232024,R,74,195
8476882,Teuvo,Teravainen,CAR,20232024,L,71,191
8470613,Brent,Burns,CAR,20232024,D,77,230
8478970,Jalen,Chatfield,CAR,20232024,D,73,188
8477950,Tony,DeAngelo,CAR,20232024,D,71,180
8475200,Dmitry,Orlov,CAR,20232024,D,71,214
8477488,Brett,Pesce,CAR,20232024,D,75,206
8476869,Brady,Skjei,CAR,20232024,D,75,210
8476958,Jaccob,Slavin,CAR,20232024,D,75,207
8475883,Frederik,Andersen,CAR,20232024,G,76,238
8481611,Pyotr,Kochetkov,CAR,20232024,G,75,205
8477484,Spencer,Martin,CAR,20232024,G,75,191
8477479,Tyler,Bertuzzi,TOR,20232024,L,74,200
8480980,Connor,Dewar,TOR,20232024,C,70,183
8477503,Max,Domi,TOR,20232024,C,70,208
8479393,Noah,Gregor,TOR,20232024,C,72,192
8480995,Pontus,Holmberg,TOR,20232024,R,72,188
8475714,Calle,Jarnkrok,TOR,20232024,C,72,190
8480144,David,Kampf,TOR,20232024,C,74,190
8482720,Matthew,Knies,TOR,20232024,L,75,217
8478483,Mitch,Marner,TOR,20232024,R,72,180
8479318,Auston,Matthews,TOR,20232024,C,75,215
8482259,Bobby,McMann,TOR,20232024,C,74,210
8477939,William,Nylander,TOR,20232024,R,72,202
8471817,Ryan,Reaves,TOR,20232024,R,74,226
8481582,Nicholas,Robertson,TOR,20232024,L,69,178
8475166,John,Tavares,TOR,20232024,C,73,211
8481122,Simon,Benoit,TOR,20232024,D,76,205
8474673,TJ,Brodie,TOR,20232024,D,74,187
8476441,Joel,Edmundson,TOR,20232024,D,77,221
8470966,Mark,Giordano,TOR,20232024,D,72,202
8475906,John,Klingberg,TOR,20232024,D,74,185
8480043,Timothy,Liljegren,TOR,20232024,D,73,190
8480950,Ilya,Lyubushkin,TOR,20232024,D,74,200
8476931,Jake,McCabe,TOR,20232024,D,73,211
8474162,Jake,Muzzin,TOR,20232024,D,75,227
8476853,Morgan,Rielly,TOR,20232024,D,73,225
8479982,Conor,Timmins,TOR,20232024,D,74,206
8474889,Martin,Jones,TOR,20232024,G,77,203
8478492,Ilya,Samsonov,TOR,20232024,G,75,217
8479361,Joseph,Woll,TOR,20232024,G,75,202
8481556,John,Beecher,BOS,20232024,C,75,216
8480003,Jesper,Boqvist,BOS,20232024,C,73,184
8479638,Justin,Brazeau,BOS,20232024,R,77,220
8475745,Charlie,Coyle,BOS,20232024,C,75,218
8478498,Jake,DeBrusk,BOS,20232024,L,73,198
8479365,Trent,Frederic,BOS,20232024,C,75,220
8479987,Morgan,Geekie,BOS,20232024,C,75,202
8478046,Danton,Heinen,BOS,20232024,C,74,195
8480880,Jakub,Lauko,BOS,20232024,C,73,193
8473419,Brad,Marchand,BOS,20232024,L,69,176
8474034,Pat,Maroon,BOS,20232024,L,75,234
8477956,David,Pastrnak,BOS,20232024,R,72,196
8483505,Matthew,Poitras,BOS,20232024,C,71,180
8474037,James,van Riemsdyk,BOS,20232024,L,75,208
8478401,Pavel,Zacha,BOS,20232024,C,76,207
8478443,Brandon,Carlo,BOS,20232024,D,77,217
8475762,Derek,Forbort,BOS,20232024,D,76,216
8476891,Matt,Grzelcyk,BOS,20232024,D,70,180
8476854,Hampus,Lindholm,BOS,20232024,D,76,224
8482511,Mason,Lohrei,BOS,20232024,D,77,211
8479325,Charlie,McAvoy,BOS,20232024,D,73,209
8479369,Andrew,Peeke,BOS,20232024,D,75,214
8474031,Kevin,Shattenkirk,BOS,20232024,D,72,203
8478450,Parker,Wotherspoon,BOS,20232024,D,73,195
8480280,Jeremy,Swayman,BOS,20232024,G,75,195
8476999,Linus,Ullmark,BOS,20232024,G,76,213
8474150,Mikael,Backlund,CGY,20232024,C,72,206
8476399,Blake,Coleman,CGY,20232024,C,71,199
8482679,Matt,Coronato,CGY,20232024,R,70,183
8482652,Walker,Duehr,CGY,20232024,R,74,210
8478421,A.J.,Greer,CGY,20232024,L,75,209
8476456,Jonathan,Huberdeau,CGY,20232024,C,73,200
8478211,Dryden,Hunt,CGY,20232024,L,72,193
8475172,Nazem,Kadri,CGY,20232024,C,72,185
8483808,Andrei,Kuzmenko,CGY,20232024,L,71,194
8478233,Andrew,Mangiapane,CGY,20232024,L,70,184
8481592,Jakob,Pelletier,CGY,20232024,L,69,170
8481028,Martin,Pospisil,CGY,20232024,C,74,173
8479291,Kevin,Rooney,CGY,20232024,C,74,190
8481068,Yegor,Sharangovich,CGY,20232024,C,74,196
8482074,Connor,Zary,CGY,20232024,C,72,178
8478397,Rasmus,Andersson,CGY,20232024,D,73,202
8478502,Dennis,Gilbert,CGY,20232024,D,74,216
8477810,Joel,Hanley,CGY,20232024,D,71,186
8478430,Oliver,Kylington,CGY,20232024,D,72,183
8482624,Daniil,Miromanov,CGY,20232024,D,76,207
8481537,Nikita,Okhotiuk,CGY,20232024,D,73,195
8481167,Brayden,Pachal,CGY,20232024,D,74,202
8477346,MacKenzie,Weegar,CGY,20232024,D,72,206
8474593,Jacob,Markstrom,CGY,20232024,G,78,207
8478435,Dan,Vladar,CGY,20232024,G,77,209
8481692,Dustin,Wolf,CGY,20232024,G,72,166
8478042,Viktor,Arvidsson,LAK,20232024,R,70,185
8482124,Quinton,Byfield,LAK,20232024,R,77,225
8476479,Phillip,Danault,LAK,20232024,C,73,200
8479400,Pierre-Luc,Dubois,LAK,20232024,C,76,225
8477942,Kevin,Fiala,LAK,20232024,L,72,205
8479336,Carl,Grundstrom,LAK,20232024,R,72,200
8481560,Arthur,Kaliyev,LAK,20232024,R,74,210
8477960,Adrian,Kempe,LAK,20232024,R,74,200
8471685,Anze,Kopitar,LAK,20232024,C,75,225
8482155,Alex,Laferriere,LAK,20232024,R,73,205
8473453,Trevor,Lewis,LAK,20232024,C,73,205
8481481,Blake,Lizotte,LAK,20232024,C,69,175
8479675,Trevor,Moore,LAK,20232024,L,71,195
8481532,Alex,Turcotte,LAK,20232024,C,71,185
8479998,Mikey,Anderson,LAK,20232024,D,72,195
8482730,Brandt,Clarke,LAK,20232024,D,74,200
8474563,Drew,Doughty,LAK,20232024,D,73,210
8477971,Andreas,Englund,LAK,20232024,D,76,200
8478882,Vladislav,Gavrikov,LAK,20232024,D,75,220
8479421,Jacob,Moverare,LAK,20232024,D,75,210
8478911,Matt,Roy,LAK,20232024,D,74,210
8481606,Jordan,Spence,LAK,20232024,D,71,180
8477831,Pheonix,Copley,LAK,20232024,G,76,205
8479496,David,Rittich,LAK,20232024,G,76,205
8475660,Cam,Talbot,LAK,20232024,G,76,200
8482496,Nils,Aman,VAN,20232024,C,74,179
8476927,Teddy,Blueger,VAN,20232024,C,72,185
8478444,Brock,Boeser,VAN,20232024,R,73,208
8476858,Phillip,Di Giuseppe,VAN,20232024,L,72,193
8478856,Conor,Garland,VAN,20232024,R,70,165
8481535,Nils,Hoglander,VAN,20232024,L,69,185
8478057,Dakota,Joshua,VAN,20232024,C,75,206
8478043,Sam,Lafferty,VAN,20232024,C,74,205
8477496,Elias,Lindholm,VAN,20232024,C,73,202
8481624,Ilya,Mikheyev,VAN,20232024,R,74,192
8476468,J.T.,Miller,VAN,20232024,C,73,218
8480012,Elias,Pettersson,VAN,20232024,C,74,176
8481617,Vasily,Podkolzin,VAN,20232024,R,73,190
8480459,Pius,Suter,VAN,20232024,C,71,179
8474013,Ian,Cole,VAN,20232024,D,73,225
8478017,Mark,Friedman,VAN,20232024,D,71,185
8479425,Filip,Hronek,VAN,20232024,D,72,190
8480800,Quinn,Hughes,VAN,20232024,D,70,180
8478454,Noah,Juulsen,VAN,20232024,D,74,201
8474574,Tyler,Myers,VAN,20232024,D,80,229
8477359,Tucker,Poolman,VAN,20232024,D,74,199
8477369,Carson,Soucy,VAN,20232024,D,77,208
8477507,Nikita,Zadorov,VAN,20232024,D,78,248
8477967,Thatcher,Demko,VAN,20232024,G,76,192
8479193,Casey,DeSmith,VAN,20232024,G,72,181
8481668,Arturs,Silovs,VAN,20232024,G,76,203
8484145,Zach,Benson,BUF,20232024,L,70,170
8481528,Dylan,Cozens,BUF,20232024,C,75,195
8476878,Zemgus,Girgensons,BUF,20232024,L,74,200
8478413,Jordan,Greenway,BUF,20232024,L,78,231
8479370,Tyson,Jost,BUF,20232024,C,71,187
8481522,Peyton,Krebs,BUF,20232024,C,72,186
8478109,Victor,Olofsson,BUF,20232024,L,71,182
8482175,JJ,Peterka,BUF,20232024,R,72,189
8482097,Jack,Quinn,BUF,20232024,R,73,185
8480762,Eric,Robinson,BUF,20232024,L,74,211
8481751,Lukas,Rousek,BUF,20232024,R,71,171
8475784,Jeff,Skinner,BUF,20232024,L,71,200
8479420,Tage,Thompson,BUF,20232024,C,78,220
8477949,Alex,Tuch,BUF,20232024,R,76,215
8480196,Jacob,Bryson,BUF,20232024,D,69,174
8481524,Bowen,Byram,BUF,20232024,D,73,190
8479348,Kale,Clague,BUF,20232024,D,72,190
8477365,Connor,Clifton,BUF,20232024,D,71,192
8480839,Rasmus,Dahlin,BUF,20232024,D,75,204
8480035,Henri,Jokiharju,BUF,20232024,D,72,200
8482671,Owen,Power,BUF,20232024,D,78,221
8480807,Mattias,Samuelsson,BUF,20232024,D,76,224
8477480,Eric,Comrie,BUF,20232024,G,73,190
8482221,Devon,Levi,BUF,20232024,G,72,192
8480045,Ukko-Pekka,Luukkonen,BUF,20232024,G,77,217
8482475,Yegor,Chinakhov,CBJ,20232024,R,73,204
8479941,Justin,Danforth,CBJ,20232024,R,68,188
8484166,Adam,Fantilli,CBJ,20232024,C,74,194
8480441,Trey,Fix-Wolansky,CBJ,20232024,R,67,191
8476346,Johnny,Gaudreau,CBJ,20232024,L,69,163
8476867,Brendan,Gaunce,CBJ,20232024,C,75,219
8476432,Boone,Jenner,CBJ,20232024,C,74,208
8482660,Kent,Johnson,CBJ,20232024,C,72,178
8476374,Sean,Kuraly,CBJ,20232024,C,74,215
8480893,Kirill,Marchenko,CBJ,20232024,R,75,195
8480292,Carson,Meyer,CBJ,20232024,R,71,184
8479423,Alexander,Nylander,CBJ,20232024,L,73,192
8479671,Mathieu,Olivier,CBJ,20232024,R,73,222
8482451,Mikael,Pyyhtia,CBJ,20232024,L,72,166
8482705,Cole,Sillinger,CBJ,20232024,C,73,199
8480074,Alexandre,Texier,CBJ,20232024,C,73,201
8481716,Dmitri,Voronkov,CBJ,20232024,L,77,240
8479402,Jake,Bean,CBJ,20232024,D,73,191
8480871,Adam,Boqvist,CBJ,20232024,D,72,189
8481161,Jake,Christiansen,CBJ,20232024,D,72,193
8475790,Erik,Gudbranson,CBJ,20232024,D,77,222
8478500,Ivan,Provorov,CBJ,20232024,D,73,220
8476923,Damon,Severson,CBJ,20232024,D,74,202
8478460,Zach,Werenski,CBJ,20232024,D,74,219
8478007,Elvis,Merzlikins,CBJ,20232024,G,75,184
8480193,Daniil,Tarasov,CBJ,20232024,G,77,201
8479414,Nathan,Bastian,NJD,20232024,R,76,205
8479407,Jesper,Bratt,NJD,20232024,L,70,175
8481518,Nolan,Foote,NJD,20232024,L,75,196
8475287,Erik,Haula,NJD,20232024,L,71,191
8480002,Nico,Hischier,NJD,20232024,C,73,175
8482125,Alexander,Holtz,NJD,20232024,R,72,195
8481559,Jack,Hughes,NJD,20232024,C,71,175
8477508,Curtis,Lazar,NJD,20232024,C,72,203
8477073,Kurtis,MacDermid,NJD,20232024,L,77,233
8478414,Timo,Meier,NJD,20232024,R,73,220
8482110,Dawson,Mercer,NJD,20232024,C,72,180
8477931,Tomas,Nosek,NJD,20232024,L,75,205
8476292,Ondrej,Palat,NJD,20232024,L,72,194
8476919,Chris,Tierney,NJD,20232024,C,73,191
8478051,Max,Willman,NJD,20232024,C,72,184
8480860,Kevin,Bahl,NJD,20232024,D,78,230
8480084,Nick,DeSimone,NJD,20232024,D,74,185
8476462,Dougie,Hamilton,NJD,20232024,D,78,230
8481701,Santeri,Hatakka,NJD,20232024,D,73,191
8482684,Luke,Hughes,NJD,20232024,D,74,184
8478507,John,Marino,NJD,20232024,D,73,181
8483495,Simon,Nemec,NJD,20232024,D,73,190
8478399,Jonas,Siegenthaler,NJD,20232024,D,74,218
8474090,Brendan,Smith,NJD,20232024,D,74,200
8474596,Jake,Allen,NJD,20232024,G,74,197
8478039,Kaapo,Kahkonen,NJD,20232024,G,74,217
8473994,Jamie,Benn,DAL,20232024,L,74,205
8474149,Evgenii,Dadonov,DAL,20232024,R,72,185
8480848,Ty,Dellandrea,DAL,20232024,C,74,190
8475168,Matt,Duchene,DAL,20232024,C,73,210
8476889,Radek,Faksa,DAL,20232024,C,75,215
8478449,Roope,Hintz,DAL,20232024,C,75,212
8482740,Wyatt,Johnston,DAL,20232024,C,74,184
8478975,Mason,Marchment,DAL,20232024,L,77,216
8470794,Joe,Pavelski,DAL,20232024,C,73,196
8480027,Jason,Robertson,DAL,20232024,L,75,202
8475794,Tyler,Seguin,DAL,20232024,C,73,207
8475225,Craig,Smith,DAL,20232024,C,73,203
8482702,Logan,Stankoven,DAL,20232024,C,68,171
8479351,Sam,Steel,DAL,20232024,C,72,185
8475825,Jani,Hakanpää,DAL,20232024,D,79,222
8481581,Thomas,Harley,DAL,20232024,D,76,206
8480036,Miro,Heiskanen,DAL,20232024,D,74,197
8476902,Esa,Lindell,DAL,20232024,D,75,216
8480878,Nils,Lundkvist,DAL,20232024,D,73,190
8470600,Ryan,Suter,DAL,20232024,D,73,201
8475690,Chris,Tanev,DAL,20232024,D,74,193
8479979,Jake,Oettinger,DAL,20232024,G,78,224
8475809,Scott,Wedgewood,DAL,20232024,G,74,201
8481550,Adam,Beckman,MIN,20232024,L,74,182
8481557,Matt,Boldy,MIN,20232024,L,74,201
8478493,Joel,Eriksson Ek,MIN,20232024,C,75,207
8475220,Marcus,Foligno,MIN,20232024,L,75,226
8477919,Frederick,Gaudreau,MIN,20232024,C,72,184
8477451,Ryan,Hartman,MIN,20232024,R,72,197
8475149,Marcus,Johansson,MIN,20232024,C,73,203
8478864,Kirill,Kaprizov,MIN,20232024,L,70,202
8482177,Marat,Khusnutdinov,MIN,20232024,C,71,176
8479968,Vinni,Lettieri,MIN,20232024,C,70,184
8481422,Jacob,Lucchini,MIN,20232024,C,72,180
8482079,Marco,Rossi,MIN,20232024,C,69,182
8479972,Mason,Shaw,MIN,20232024,C,70,184
8475692,Mats,Zuccarello,MIN,20232024,R,68,181
8474567,Zach,Bogosian,MIN,20232024,D,75,231
8476463,Jonas,Brodin,MIN,20232024,D,74,196
8480990,Declan,Chisholm,MIN,20232024,D,73,190
8482122,Brock,Faber,MIN,20232024,D,73,200
8471274,Alex,Goligoski,MIN,20232024,D,71,173
8477541,Dakota,Mermis,MIN,20232024,D,72,195
8475750,Jon,Merrill,MIN,20232024,D,75,204
8478136,Jake,Middleton,MIN,20232024,D,75,219
8474716,Jared,Spurgeon,MIN,20232024,D,69,166
8470594,Marc-Andre,Fleury,MIN,20232024,G,74,185
8479406,Filip,Gustavsson,MIN,20232024,G,74,184
8479994,Jaret,Anderson-Dolan,NSH,20232024,C,71,200
8478463,Anthony,Beauvillier,NSH,20232024,L,71,180
8482146,Luke,Evangelista,NSH,20232024,R,72,183
8476887,Filip,Forsberg,NSH,20232024,L,73,205
8479996,Cody,Glass,NSH,20232024,C,75,206
8476873,Mark,Jankowski,NSH,20232024,C,76,212
8477446,Michael,McCarron,NSH,20232024,R,78,232
8478438,Tommy,Novak,NSH,20232024,C,73,179
8474679,Gustav,Nyquist,NSH,20232024,C,71,180
8475158,Ryan,O'Reilly,NSH,20232024,C,73,207
8480748,Kiefer,Sherwood,NSH,20232024,L,72,194
8476925,Colton,Sissons,NSH,20232024,C,73,200
8482062,Cole,Smith,NSH,20232024,L,75,195
8475722,Jason,Zucker,NSH,20232024,L,71,192
8475197,Tyson,Barrie,NSH,20232024,D,71,197
8478851,Alexandre,Carrier,NSH,20232024,D,71,174
8481743,Marc,Del Gaizo,NSH,20232024,D,71,188
8479371,Dante,Fabbro,NSH,20232024,D,72,189
8474600,Roman,Josi,NSH,20232024,D,73,201
8478468,Jeremy,Lauzon,NSH,20232024,D,75,225
8474151,Ryan,McDonagh,NSH,20232024,D,73,215
8474568,Luke,Schenn,NSH,20232024,D,74,225
8481056,Spencer,Stastney,NSH,20232024,D,72,184
8480947,Kevin,Lankinen,NSH,20232024,G,74,190
8477424,Juuse,Saros,NSH,20232024,G,71,180
8477473,Justin,Bailey,SJS,20232024,R,76,214
8482222,Alexander,Barabanov,SJS,20232024,L,70,195
8482133,Thomas,Bordeleau,SJS,20232024,C,70,175
8477846,Ryan,Carpenter,SJS,20232024,C,73,198
8474053,Logan,Couture,SJS,20232024,C,73,206
8482667,William,Eklund,SJS,20232024,L,71,181
8475798,Mikael,Granlund,SJS,20232024,C,70,185
8474884,Mike,Hoffman,SJS,20232024,C,72,190
8480011,Klim,Kostin,SJS,20232024,C,76,232
8479316,Luke,Kunin,SJS,20232024,C,72,197
8478099,Kevin,Labanc,SJS,20232024,R,71,185
8479379,Givani,Smith,SJS,20232024,R,74,214
8481477,Nico,Sturm,SJS,20232024,C,75,209
8480821,Filip,Zadina,SJS,20232024,R,72,190
8480188,Fabian,Zetterlund,SJS,20232024,L,71,220
8480884,Calen,Addison,SJS,20232024,D,71,173
8476988,Matt,Benning,SJS,20232024,D,73,203
8477335,Kyle,Burroughs,SJS,20232024,D,72,193
8480834,Ty,Emberson,SJS,20232024,D,74,193
8479983,Mario,Ferraro,SJS,20232024,D,72,209
8479439,Jacob,MacDonald,SJS,20232024,D,72,204
8480172,Jan,Rutta,SJS,20232024,D,75,204
8481567,Henry,Thrun,SJS,20232024,D,74,190
8471709,Marc-Edouard,Vlasic,SJS,20232024,D,73,205
8478406,Mackenzie,Blackwood,SJS,20232024,G,76,225
8480992,Magnus,Chrona,SJS,20232024,G,76,194
8482445,Devin,Cooley,SJS,20232024,G,77,192
8477970,Vitek,Vanecek,SJS,20232024,G,74,184
8477979,Nicolas,Aube-Kubel,WSH,20232024,R,72,207
8473563,Nicklas,Backstrom,WSH,20232024,C,73,202
8475343,Nic,Dowd,WSH,20232024,C,73,193
8482148,Hendrix,Lapierre,WSH,20232024,C,72,180
8479359,Beck,Malenstyn,WSH,20232024,L,75,200
8481580,Connor,McMichael,WSH,20232024,C,72,180
8477947,Sonny,Milano,WSH,20232024,L,72,194
8483491,Ivan,Miroshnichenko,WSH,20232024,L,73,185
8471698,T.J.,Oshie,WSH,20232024,R,72,187
8471214,Alex,Ovechkin,WSH,20232024,L,75,238
8474157,Max,Pacioretty,WSH,20232024,L,74,217
8481656,Aliaksei,Protas,WSH,20232024,C,78,225
8475958,Michael,Sgarbossa,WSH,20232024,C,72,179
8478440,Dylan,Strome,WSH,20232024,C,75,200
8476880,Tom,Wilson,WSH,20232024,R,76,220
8480823,Alexander,Alexeyev,WSH,20232024,D,76,213
8478451,Ethan,Bear,WSH,20232024,D,71,197
8474590,John,Carlson,WSH,20232024,D,75,215
8480796,Martin,Fehervary,WSH,20232024,D,74,199
8475324,Nick,Jensen,WSH,20232024,D,73,205
8480873,Rasmus,Sandin,WSH,20232024,D,71,182
8477845,Trevor,van Riemsdyk,WSH,20232024,D,75,191
8475311,Darcy,Kuemper,WSH,20232024,G,77,215
8479292,Charlie,Lindgren,WSH,20232024,G,74,179
8480208,Drake,Batherson,OTT,20232024,R,75,203
8478078,Rourke,Chartier,OTT,20232024,C,72,201
8473512,Claude,Giroux,OTT,20232024,R,71,188
8482092,Ridly,Greig,OTT,20232024,C,72,184
8478146,Matthew,Highmore,OTT,20232024,C,71,188
8478472,Mathieu,Joseph,OTT,20232024,R,73,186
8480355,Mark,Kastelic,OTT,20232024,C,76,226
8479383,Boris,Katchouk,OTT,20232024,L,74,206
8480448,Parker,Kelly,OTT,20232024,L,73,185
8477330,Dominik,Kubalik,OTT,20232024,L,74,192
8479772,Zack,MacEwen,OTT,20232024,R,76,240
8480064,Josh,Norris,OTT,20232024,C,74,195
8482859,Zack,Ostapchuk,OTT,20232024,C,75,205
8481596,Shane,Pinto,OTT,20232024,C,75,201
8482116,Tim,Stützle,OTT,20232024,C,72,197
8480801,Brady,Tkachuk,OTT,20232024,L,76,225
8480879,Jacob,Bernard-Docker,OTT,20232024,D,72,190
8480073,Erik,Brannstrom,OTT,20232024,D,70,185
8478469,Thomas,Chabot,OTT,20232024,D,74,203
8479345,Jakob,Chychrun,OTT,20232024,D,74,205
8474612,Travis,Hamonic,OTT,20232024,D,73,200
8482105,Jake,Sanderson,OTT,20232024,D,74,203
8482245,Artem,Zub,OTT,20232024,D,75,204
8476341,Anton,Forsberg,OTT,20232024,G,75,195
8476914,Joonas,Korpisalo,OTT,20232024,G,75,189
8478891,Mason,Appleton,WPG,20232024,C,74,194
8480289,Morgan,Barron,WPG,20232024,C,76,220
8478398,Kyle,Connor,WPG,20232024,L,73,183
8477940,Nikolaj,Ehlers,WPG,20232024,L,72,172
8481019,David,Gustafsson,WPG,20232024,C,74,196
8480113,Alex,Iafallo,WPG,20232024,L,72,201
8480845,Rasmus,Kupari,WPG,20232024,C,74,201
8476392,Adam,Lowry,WPG,20232024,C,77,210
8477497,Sean,Monahan,WPG,20232024,C,74,202
8476480,Vladislav,Namestnikov,WPG,20232024,C,72,181
8475799,Nino,Niederreiter,WPG,20232024,R,74,218
8482149,Cole,Perfetti,WPG,20232024,C,71,185
8476460,Mark,Scheifele,WPG,20232024,C,75,207
8475726,Tyler,Toffoli,WPG,20232024,C,72,203
8480014,Gabriel,Vilardi,WPG,20232024,C,75,216
8476331,Dylan,DeMelo,WPG,20232024,D,73,194
8475455,Brenden,Dillon,WPG,20232024,D,76,225
8476525,Colin,Miller,WPG,20232024,D,73,200
8477504,Josh,Morrissey,WPG,20232024,D,72,195
8480145,Neal,Pionk,WPG,20232024,D,72,190
8480049,Dylan,Samberg,WPG,20232024,D,76,216
8477220,Nate,Schmidt,WPG,20232024,D,72,192
8479378,Logan,Stanley,WPG,20232024,D,79,231
8476316,Laurent,Brossoit,WPG,20232024,G,75,203
8476945,Connor,Hellebuyck,WPG,20232024,G,76,207
8481013,Jonatan,Berggren,DET,20232024,R,71,197
8477456,J.T.,Compher,DET,20232024,L,72,190
8477429,Andrew,Copp,DET,20232024,C,73,203
8478512,Austin,Czarnik,DET,20232024,C,69,170
8479337,Alex,DeBrincat,DET,20232024,R,68,180
8477952,Robby,Fabbri,DET,20232024,C,73,185
8478432,Christian,Fischer,DET,20232024,R,74,212
8474141,Patrick,Kane,DET,20232024,R,70,177
8477946,Dylan,Larkin,DET,20232024,C,73,199
8474102,David,Perron,DET,20232024,L,72,195
8479992,Michael,Rasmussen,DET,20232024,C,78,220
8482078,Lucas,Raymond,DET,20232024,L,71,188
8478466,Daniel,Sprong,DET,20232024,R,72,195
8480813,Joe,Veleno,DET,20232024,C,73,201
8475279,Ben,Chiarot,DET,20232024,D,75,224
8476906,Shayne,Gostisbehere,DET,20232024,D,71,183
8475718,Justin,Holl,DET,20232024,D,76,194
8476874,Olli,Maatta,DET,20232024,D,74,207
8473507,Jeff,Petry,DET,20232024,D,75,208
8481542,Moritz,Seider,DET,20232024,D,75,205
8478013,Jake,Walman,DET,20232024,D,73,218
8478024,Ville,Husso,DET,20232024,G,75,205
8479312,Alex,Lyon,DET,20232024,G,73,196
8473503,James,Reimer,DET,20232024,G,74,200
8476981,Josh,Anderson,MTL,20232024,R,75,224
8476469,Joel,Armia,MTL,20232024,R,75,216
8481540,Cole,Caufield,MTL,20232024,R,68,175
8481523,Kirby,Dach,MTL,20232024,C,76,217
8477989,Christian,Dvorak,MTL,20232024,C,73,192
8478133,Jake,Evans,MTL,20232024,C,73,187
8475848,Brendan,Gallagher,MTL,20232024,R,69,183
8481093,Rafael,Harvey-Pinard,MTL,20232024,L,69,184
8481618,Alex,Newhook,MTL,20232024,C,71,199
8476871,Tanner,Pearson,MTL,20232024,L,73,207
8479543,Michael,Pezzetta,MTL,20232024,L,73,217
8482749,Joshua,Roy,MTL,20232024,R,72,192
8483515,Juraj,Slafkovsky,MTL,20232024,L,75,230
8480018,Nick,Suzuki,MTL,20232024,C,71,212
8478400,Colin,White,MTL,20232024,C,73,194
8481058,Jesse,Ylönen,MTL,20232024,R,73,200
8482087,Kaiden,Guhle,MTL,20232024,D,75,201
8480887,Jordan,Harris,MTL,20232024,D,71,189
8480192,Johnathan,Kovacevic,MTL,20232024,D,77,223
8476875,Mike,Matheson,MTL,20232024,D,74,196
8475233,David,Savard,MTL,20232024,D,73,238
8481593,Jayden,Struble,MTL,20232024,D,72,202
8482964,Arber,Xhekaj,MTL,20232024,D,76,240
8478470,Sam,Montembeault,MTL,20232024,G,75,222
8480051,Cayden,Primeau,MTL,20232024,G,75,207
8478445,Mathew,Barzal,NYI,20232024,C,73,190
8475231,Casey,Cizikas,NYI,20232024,C,71,194
8473504,Cal,Clutterbuck,NYI,20232024,R,71,215
8478115,Pierre,Engvall,NYI,20232024,L,77,215
8477392,Hudson,Fasching,NYI,20232024,R,75,209
8481601,Simon,Holmstrom,NYI,20232024,R,74,215
8477500,Bo,Horvat,NYI,20232024,C,73,213
8475314,Anders,Lee,NYI,20232024,L,75,227
8481237,Kyle,MacLean,NYI,20232024,C,73,190
8474709,Matt,Martin,NYI,20232024,L,75,215
8475754,Brock,Nelson,NYI,20232024,C,76,210
8476419,Jean-Gabriel,Pageau,NYI,20232024,C,71,185
8475151,Kyle,Palmieri,NYI,20232024,C,71,196
8480789,Oliver,Wahlstrom,NYI,20232024,R,74,200
8480222,Sebastian,Aho,NYI,20232024,D,70,180
8481541,Samuel,Bolduc,NYI,20232024,D,76,220
8474145,Robert,Bortuzzo,NYI,20232024,D,76,216
8480865,Noah,Dobson,NYI,20232024,D,76,200
8476429,Scott,Mayfield,NYI,20232024,D,77,220
8476917,Adam,Pelech,NYI,20232024,D,75,210
8477506,Ryan,Pulock,NYI,20232024,D,74,216
8476422,Mike,Reilly,NYI,20232024,D,73,196
8481014,Alexander,Romanov,NYI,20232024,D,73,215
8478009,Ilya,Sorokin,NYI,20232024,G,75,195
8473575,Semyon,Varlamov,NYI,20232024,G,74,205
8481543,Nikita,Alexandrov,STL,20232024,C,73,177
8478104,Sammy,Blais,STL,20232024,L,74,206
8482737,Zack,Bolduc,STL,20232024,C,72,187
8477402,Pavel,Buchnevich,STL,20232024,L,73,196
8482784,Zach,Dean,STL,20232024,C,72,176
8475763,Kevin,Hayes,STL,20232024,R,77,216
8477953,Kasperi,Kapanen,STL,20232024,R,73,194
8479385,Jordan,Kyrou,STL,20232024,C,73,196
8482089,Jake,Neighbours,STL,20232024,L,72,201
8476438,Brandon,Saad,STL,20232024,L,73,215
8475170,Brayden,Schenn,STL,20232024,C,73,199
8476897,Oskar,Sundqvist,STL,20232024,C,75,220
8480023,Robert,Thomas,STL,20232024,C,72,218
8480281,Alexey,Toropchenko,STL,20232024,R,78,222
8477573,Nathan,Walker,STL,20232024,L,69,187
8475753,Justin,Faulk,STL,20232024,D,72,214
8482516,Matthew,Kessel,STL,20232024,D,74,205
8476792,Torey,Krug,STL,20232024,D,69,194
8475181,Nick,Leddy,STL,20232024,D,72,205
8476892,Colton,Parayko,STL,20232024,D,78,228
8481059,Scott,Perunovich,STL,20232024,D,70,175
8474618,Marco,Scandella,STL,20232024,D,75,212
8481006,Tyler,Tucker,STL,20232024,D,73,204
8476412,Jordan,Binnington,STL,20232024,G,74,172
8480981,Joel,Hofer,STL,20232024,G,77,179
8477015,Connor,Brown,EDM,20232024,R,72,184
8475842,Sam,Carrick,EDM,20232024,C,72,200
8477934,Leon,Draisaitl,EDM,20232024,C,74,209
8477998,Warren,Foegele,EDM,20232024,L,74,204
8474641,Adam,Henrique,EDM,20232024,C,72,195
8475786,Zach,Hyman,EDM,20232024,L,73,206
8477406,Mattias,Janmark,EDM,20232024,C,74,205
8475169,Evander,Kane,EDM,20232024,L,74,218
8478402,Connor,McDavid,EDM,20232024,C,73,194
8480802,Ryan,McLeod,EDM,20232024,C,75,188
8476454,Ryan,Nugent-Hopkins,EDM,20232024,C,73,192
8470621,Corey,Perry,EDM,20232024,R,75,208
8478585,Derek,Ryan,EDM,20232024,C,70,185
8480803,Evan,Bouchard,EDM,20232024,D,75,192
8476879,Cody,Ceci,EDM,20232024,D,75,210
8479576,Vincent,Desharnais,EDM,20232024,D,79,226
8475218,Mattias,Ekholm,EDM,20232024,D,77,225
8476967,Brett,Kulak,EDM,20232024,D,74,192
8477498,Darnell,Nurse,EDM,20232024,D,76,215
8479442,Troy,Stecher,EDM,20232024,D,70,184
8475717,Calvin,Pickard,EDM,20232024,G,73,206
8479973,Stuart,Skinner,EDM,20232024,G,76,230
8484153,Leo,Carlsson,ANA,20232024,C,75,194
8480870,Bo,Groulx,ANA,20232024,C,74,198
8477527,Ross,Johnston,ANA,20232024,L,77,234
8479368,Max,Jones,ANA,20232024,L,75,216
8473986,Alex,Killorn,ANA,20232024,L,73,194
8481517,Brett,Leason,ANA,20232024,R,77,218
8480806,Isac,Lundestrom,ANA,20232024,C,72,193
8476934,Brock,McGinn,ANA,20232024,L,72,187
8482745,Mason,McTavish,ANA,20232024,C,72,213
8483570,Ben,Meyers,ANA,20232024,C,71,194
8475164,Jakob,Silfverberg,ANA,20232024,R,73,207
8476458,Ryan,Strome,ANA,20232024,C,73,191
8478873,Troy,Terry,ANA,20232024,R,72,185
8478366,Frank,Vatrano,ANA,20232024,R,71,197
8481533,Trevor,Zegras,ANA,20232024,C,72,185
8475764,Cam,Fowler,ANA,20232024,D,74,215
8475462,Radko,Gudas,ANA,20232024,D,72,208
8481605,Jackson,LaCombe,ANA,20232024,D,74,205
8478021,William,Lagesson,ANA,20232024,D,74,211
8480184,Gustav,Lindstrom,ANA,20232024,D,74,194
8483490,Pavel,Mintyukov,ANA,20232024,D,73,195
8480001,Urho,Vaakanainen,ANA,20232024,D,74,200
8482803,Olen,Zellweger,ANA,20232024,D,69,182
8480843,Lukas,Dostal,ANA,20232024,G,74,188
8476434,John,Gibson,ANA,20232024,G,74,210
8477380,Jonny,Brodzinski,NYR,20232024,C,72,204
8480078,Filip,Chytil,NYR,20232024,C,74,208
8482157,Will,Cuylle,NYR,20232024,L,75,210
8476624,Barclay,Goodrow,NYR,20232024,C,74,209
8481554,Kaapo,Kakko,NYR,20232024,R,74,205
8475184,Chris,Kreider,NYR,20232024,L,75,233
8482109,Alexis,Lafrenière,NYR,20232024,L,73,194
8478550,Artemi,Panarin,NYR,20232024,L,72,175
8482460,Matt,Rempe,NYR,20232024,C,79,241
8478458,Jack,Roslovic,NYR,20232024,C,73,198
8476389,Vincent,Trocheck,NYR,20232024,C,71,187
8476918,Jimmy,Vesey,NYR,20232024,L,74,200
8477505,Alex,Wennberg,NYR,20232024,C,74,190
8471218,Blake,Wheeler,NYR,20232024,R,77,222
8476459,Mika,Zibanejad,NYR,20232024,C,74,201
8479323,Adam,Fox,NYR,20232024,D,71,185
8476979,Erik,Gustafsson,NYR,20232024,D,73,189
8481708,Zac,Jones,NYR,20232024,D,70,176
8479324,Ryan,Lindgren,NYR,20232024,D,72,193
8480817,K'Andre,Miller,NYR,20232024,D,77,210
8477244,Chad,Ruhwedel,NYR,20232024,D,71,191
8483407,Brandon,Scanlin,NYR,20232024,D,76,218
8482073,Braden,Schneider,NYR,20232024,D,75,211
8476885,Jacob,Trouba,NYR,20232024,D,75,209
8471734,Jonathan,Quick,NYR,20232024,G,73,215
8478048,Igor,Shesterkin,NYR,20232024,G,73,197
8474715,Cam,Atkinson,PHI,20232024,R,68,175
8481553,Bobby,Brink,PHI,20232024,R,68,169
8480220,Noah,Cates,PHI,20232024,L,74,194
8476461,Sean,Couturier,PHI,20232024,C,76,210
8475235,Nicolas,Deslauriers,PHI,20232024,L,73,218
8480797,Joel,Farabee,PHI,20232024,L,72,186
8482159,Tyson,Foerster,PHI,20232024,R,74,215
8480028,Morgan,Frost,PHI,20232024,C,72,193
8478495,Denis,Gurianov,PHI,20232024,R,75,205
8477903,Garnet,Hathaway,PHI,20232024,R,74,212
8475793,Ryan,Johansen,PHI,20232024,C,75,218
8478439,Travis,Konecny,PHI,20232024,R,70,192
8476872,Scott,Laughton,PHI,20232024,C,73,191
8480245,Olle,Lycksell,PHI,20232024,R,70,163
8480068,Ryan,Poehling,PHI,20232024,C,74,204
8480015,Owen,Tippett,PHI,20232024,R,73,210
8481521,Ronnie,Attard,PHI,20232024,D,75,208
8482142,Jamie,Drysdale,PHI,20232024,D,71,185
8475176,Ryan,Ellis,PHI,20232024,D,70,180
8480874,Adam,Ginning,PHI,20232024,D,75,196
8473446,Erik,Johnson,PHI,20232024,D,76,225
8477499,Rasmus,Ristolainen,PHI,20232024,D,76,208
8477948,Travis,Sanheim,PHI,20232024,D,76,222
8476372,Nick,Seeler,PHI,20232024,D,75,197
8471686,Marc,Staal,PHI,20232024,D,76,208
8481546,Cam,York,PHI,20232024,D,72,194
8481178,Egor,Zamula,PHI,20232024,D,75,200
8481035,Samuel,Ersson,PHI,20232024,G,75,194
8478433,Felix,Sandstrom,PHI,20232024,G,74,211
8477930,Pierre-Edouard,Bellemare,SEA,20232024,L,71,198
8482665,Matty,Beniers,SEA,20232024,C,74,178
8477416,Oliver,Bjorkstrand,SEA,20232024,R,72,175
8477444,Andre,Burakovsky,SEA,20232024,L,75,209
8474586,Jordan,Eberle,SEA,20232024,R,71,190
8476826,Yanni,Gourde,SEA,20232024,C,69,174
8481789,Tye,Kartye,SEA,20232024,L,71,202
8477955,Jared,McCann,SEA,20232024,L,73,191
8475768,Jaden,Schwartz,SEA,20232024,C,70,185
8479293,Brandon,Tanev,SEA,20232024,L,72,189
8475193,Tomas,Tatar,SEA,20232024,L,70,173
8480009,Eeli,Tolvanen,SEA,20232024,R,70,191
8479977,Kailer,Yamamoto,SEA,20232024,R,68,153
8478840,Will,Borgen,SEA,20232024,D,75,204
8475208,Brian,Dumoulin,SEA,20232024,D,76,207
8478407,Vince,Dunn,SEA,20232024,D,72,200
8482858,Ryker,Evans,SEA,20232024,D,71,189
8476457,Adam,Larsson,SEA,20232024,D,75,209
8476467,Jamie,Oleksiak,SEA,20232024,D,79,257
8474602,Justin,Schultz,SEA,20232024,D,74,190
8478916,Joey,Daccord,SEA,20232024,G,74,201
8475831,Philipp,Grubauer,SEA,20232024,G,73,188
8477493,Aleksander,Barkov,FLA,20232024,C,75,215
8477935,Sam,Bennett,FLA,20232024,C,73,195
8476393,Nick,Cousins,FLA,20232024,C,71,186
8479981,Jonah,Gadjovich,FLA,20232024,L,74,209
8479066,Ryan,Lomberg,FLA,20232024,L,69,184
8478904,Steven,Lorentz,FLA,20232024,C,76,216
8482113,Anton,Lundell,FLA,20232024,C,73,190
8480185,Eetu,Luostarinen,FLA,20232024,C,75,190
8473449,Kyle,Okposo,FLA,20232024,R,72,216
8477933,Sam,Reinhart,FLA,20232024,C,74,193
8478542,Evan,Rodrigues,FLA,20232024,C,71,175
8478831,Kevin,Stenlund,FLA,20232024,C,77,215
8475765,Vladimir,Tarasenko,FLA,20232024,R,73,219
8479314,Matthew,Tkachuk,FLA,20232024,L,74,206
8477409,Carter,Verhaeghe,FLA,20232024,C,74,180
8481600,Tobias,Bjornfot,FLA,20232024,D,73,200
8477932,Aaron,Ekblad,FLA,20232024,D,76,215
8475171,Oliver,Ekman-Larsson,FLA,20232024,D,74,191
8478055,Gustav,Forsling,FLA,20232024,D,72,195
8475179,Dmitry,Kulikov,FLA,20232024,D,73,201
8479372,Josh,Mahura,FLA,20232024,D,72,193
8478859,Niko,Mikkola,FLA,20232024,D,77,206
8477986,Brandon,Montour,FLA,20232024,D,72,199
8475683,Sergei,Bobrovsky,FLA,20232024,G,74,188
8476932,Anthony,Stolarz,FLA,20232024,G,78,243
8471699,Andrew,Cogliano,COL,20232024,C,70,179
8479525,Ross,Colton,COL,20232024,C,72,194
8477494,Jonathan,Drouin,COL,20232024,L,71,198
8479520,Brandon,Duhaime,COL,20232024,R,74,200
8481641,Joel,Kiviranta,COL,20232024,L,71,185
8477476,Artturi,Lehkonen,COL,20232024,L,71,179
8477492,Nathan,MacKinnon,COL,20232024,C,72,200
8479999,Casey,Mittelstadt,COL,20232024,C,73,195
8477501,Valeri,Nichushkin,COL,20232024,R,76,210
8481186,Logan,O'Connor,COL,20232024,R,72,175
8470610,Zach,Parise,COL,20232024,L,71,195
8478420,Mikko,Rantanen,COL,20232024,R,76,215
8478508,Yakov,Trenin,COL,20232024,C,74,201
8477425,Miles,Wood,COL,20232024,L,74,195
8479398,Samuel,Girard,COL,20232024,D,70,170
8471677,Jack,Johnson,COL,20232024,D,73,227
8478452,Caleb,Jones,COL,20232024,D,73,194
8480069,Cale,Makar,COL,20232024,D,72,187
8476312,Josh,Manson,COL,20232024,D,75,218
8478038,Devon,Toews,COL,20232024,D,73,191
8480336,Sean,Walker,COL,20232024,D,71,191
8481020,Justus,Annunen,COL,20232024,G,76,210
8480382,Alexandar,Georgiev,COL,20232024,G,73,178
8475760,Nick,Bjugstad,ARI,20232024,C,78,209
8476329,Travis,Boyd,ARI,20232024,C,72,190
8479619,Michael,Carcone,ARI,20232024,L,69,170
8483431,Logan,Cooley,ARI,20232024,C,70,174
8478474,Lawson,Crouse,ARI,20232024,L,76,215
8482699,Dylan,Guenther,ARI,20232024,R,74,175
8480849,Barrett,Hayton,ARI,20232024,C,73,207
8479343,Clayton,Keller,ARI,20232024,R,70,178
8477021,Alex,Kerfoot,ARI,20232024,C,71,186
8481077,John,Leonard,ARI,20232024,L,71,196
8481711,Matias,Maccelli,ARI,20232024,L,71,176
8480855,Jack,McBain,ARI,20232024,C,75,201
8477070,Liam,O'Brien,ARI,20232024,C,73,213
8477951,Nick,Schmaltz,ARI,20232024,C,72,181
8480979,Nathan,Smith,ARI,20232024,C,72,177
8477384,Josh,Brown,ARI,20232024,D,77,220
8478408,Travis,Dermott,ARI,20232024,D,72,202
8480434,Sean,Durzi,ARI,20232024,D,72,195
8480891,Michael,Kesselring,ARI,20232024,D,76,190
8482655,J.J.,Moser,ARI,20232024,D,73,173
8479976,Juuso,Valimaki,ARI,20232024,D,74,205
8478971,Connor,Ingram,ARI,20232024,G,74,196
8478872,Karel,Vejmelka,ARI,20232024,G,76,224
8479315,Joey,Anderson,CHI,20232024,R,72,207
8476960,Andreas,Athanasiou,CHI,20232024,C,74,190
8484144,Connor,Bedard,CHI,20232024,C,70,185
8476278,Colin,Blackwell,CHI,20232024,C,69,190
8477450,Jason,Dickinson,CHI,20232024,C,74,200
8477987,Ryan,Donato,CHI,20232024,C,72,190
8480025,MacKenzie,Entwistle,CHI,20232024,R,75,205
8473422,Nick,Foligno,CHI,20232024,L,72,210
8475791,Taylor,Hall,CHI,20232024,L,73,210
8481147,Reese,Johnson,CHI,20232024,C,73,193
8474870,Tyler,Johnson,CHI,20232024,C,68,185
8480798,Philipp,Kurashev,CHI,20232024,C,72,190
8479390,Taylor,Raddysh,CHI,20232024,R,75,198
8482117,Lukas,Reichel,CHI,20232024,L,72,170
8482172,Landon,Slaggert,CHI,20232024,L,72,180
8477495,Seth,Jones,CHI,20232024,D,76,213
8482176,Wyatt,Kaiser,CHI,20232024,D,72,173
8483466,Kevin,Korchinski,CHI,20232024,D,73,185
8477034,Jaycob,Megna,CHI,20232024,D,78,220
8476473,Connor,Murphy,CHI,20232024,D,76,212
8475797,Jarred,Tinordi,CHI,20232024,D,78,229
8481568,Alex,Vlasic,CHI,20232024,D,78,217
8479458,Nikita,Zaitsev,CHI,20232024,D,74,192
8475852,Petr,Mrazek,CHI,20232024,G,74,188
8482821,Arvid,Soderblom,CHI,20232024,G,75,180
